[
    {
      "id": 1,
      "title": "The next big trend in crypto",
      "content": "Quis sunt quis do laboris eiusmod in sint dolore sit pariatur consequat commodo aliqua nulla ad dolor aliquip incididunt voluptate est aliquip adipisicing ea cupidatat nostrud incididunt aliquip dolore. Sed minim nisi duis laborum est labore nisi amet elit adipisicing proident do consectetur dolor labore sit nisi ad proident esse ad velit nisi irure reprehenderit ut et dolor labore veniam quis.\n\nDesign can be art. Design can be simple. That’s why it’s so complicated. Lorem ipsum dolor sit amet, consectetur adipisicing elit, sed do eiusmod tempor incididunt ut labore et dolore magna aliqua. Ut enim ad minim veniam.\n\nSunt duis laboris ex et quis laborum laborum cillum mollit voluptate culpa consequat ex cupidatat dolor eiusmod proident proident cillum pariatur sint adipisicing in nostrud do dolore consectetur quis incididunt minim consectetur. Exercitation elit proident dolor est id eiusmod dolor dolor incididunt ad voluptate laboris cupidatat est est sint veniam sint officia sint incididunt est sit ut tempor commodo pariatur ut proident et do.\n\nSed eu in ut sint dolor irure fugiat minim veniam sed ea proident ullamco occaecat irure ut velit eu ullamco fugiat cupidatat dolore fugiat. Lorem ipsum id non deserunt id consequat duis voluptate amet aliqua pariatur laboris officia pariatur veniam velit reprehenderit sint nostrud cupidatat magna eiusmod mollit exercitation pariatur nulla minim laboris dolore aliqua consectetur cillum duis aute consectetur.",
      "post_tag": 1,
      "author": {
        "id": 1,
        "username": "Monica Lucas",
        "social": "@monicaaa",
        "wallet": "DdzFFzCqrhshMSxb9oW3mRo4MJrQkusV3fGFSTwaiu4wPBqMryA9DYVJCkW9n7twCffG5f5wX2sSkoDXGiZB1HPa7K7f865Kk4LqnrME",
        "followers": 500,
        "bid": 4,
        "author_sale": 1,
        "about": "Sed ut perspiciatis unde omnis iste natus error sit voluptatem accusantium doloremque laudantium, totam rem aperiam, eaque ipsa quae ab illo inventore veritatis et quasi architecto beatae vitae dicta sunt explicabo. Nemo enim ipsam voluptatem quia voluptas sit aspernatur aut odit aut fugit, sed quia consequuntur magni",
        "published_at": "2021-11-02T15:20:32.637Z",
        "created_at": "2021-11-02T15:20:24.426Z",
        "updated_at": "2021-11-30T15:42:09.638Z",
        "avatar": {
          "id": 19,
          "name": "author-1.jpg",
          "alternativeText": "",
          "caption": "",
          "width": 200,
          "height": 200,
          "formats": {
            "thumbnail": {
              "name": "thumbnail_author-1.jpg",
              "hash": "thumbnail_author_1_6f9ad9e11a",
              "ext": ".jpg",
              "mime": "image/jpeg",
              "width": 156,
              "height": 156,
              "size": 7.45,
              "path": null,
              "url": "/uploads/thumbnail_author_1_6f9ad9e11a.jpg"
            }
          },
          "hash": "author_1_6f9ad9e11a",
          "ext": ".jpg",
          "mime": "image/jpeg",
          "size": 9.93,
          "url": "/uploads/author_1_6f9ad9e11a.jpg",
          "previewUrl": null,
          "provider": "local",
          "provider_metadata": null,
          "created_at": "2021-11-02T15:12:44.838Z",
          "updated_at": "2021-11-02T15:12:44.890Z"
        }
      },
      "post_comment": 1,
      "likes": 999,
      "published_at": "2021-11-30T16:26:32.670Z",
      "created_at": "2021-11-30T16:26:29.337Z",
      "updated_at": "2021-11-30T16:28:25.016Z",
      "cover": {
        "id": 69,
        "name": "news-2.jpg",
        "alternativeText": "",
        "caption": "",
        "width": 700,
        "height": 466,
        "formats": {
          "thumbnail": {
            "name": "thumbnail_news-2.jpg",
            "hash": "thumbnail_news_2_2bd481277a",
            "ext": ".jpg",
            "mime": "image/jpeg",
            "width": 234,
            "height": 156,
            "size": 3.94,
            "path": null,
            "url": "/uploads/thumbnail_news_2_2bd481277a.jpg"
          },
          "small": {
            "name": "small_news-2.jpg",
            "hash": "small_news_2_2bd481277a",
            "ext": ".jpg",
            "mime": "image/jpeg",
            "width": 500,
            "height": 333,
            "size": 12.28,
            "path": null,
            "url": "/uploads/small_news_2_2bd481277a.jpg"
          }
        },
        "hash": "news_2_2bd481277a",
        "ext": ".jpg",
        "mime": "image/jpeg",
        "size": 20.94,
        "url": "/uploads/news_2_2bd481277a.jpg",
        "previewUrl": null,
        "provider": "local",
        "provider_metadata": null,
        "created_at": "2021-11-02T15:12:58.731Z",
        "updated_at": "2021-11-02T15:12:58.751Z"
      }
    },
    {
      "id": 2,
      "title": "What is NFT ?",
      "content": "Quis sunt quis do laboris eiusmod in sint dolore sit pariatur consequat commodo aliqua nulla ad dolor aliquip incididunt voluptate est aliquip adipisicing ea cupidatat nostrud incididunt aliquip dolore. Sed minim nisi duis laborum est labore nisi amet elit adipisicing proident do consectetur dolor labore sit nisi ad proident esse ad velit nisi irure reprehenderit ut et dolor labore veniam quis.\n\nDesign can be art. Design can be simple. That’s why it’s so complicated. Lorem ipsum dolor sit amet, consectetur adipisicing elit, sed do eiusmod tempor incididunt ut labore et dolore magna aliqua. Ut enim ad minim veniam.\n\nSunt duis laboris ex et quis laborum laborum cillum mollit voluptate culpa consequat ex cupidatat dolor eiusmod proident proident cillum pariatur sint adipisicing in nostrud do dolore consectetur quis incididunt minim consectetur. Exercitation elit proident dolor est id eiusmod dolor dolor incididunt ad voluptate laboris cupidatat est est sint veniam sint officia sint incididunt est sit ut tempor commodo pariatur ut proident et do.\n\nSed eu in ut sint dolor irure fugiat minim veniam sed ea proident ullamco occaecat irure ut velit eu ullamco fugiat cupidatat dolore fugiat. Lorem ipsum id non deserunt id consequat duis voluptate amet aliqua pariatur laboris officia pariatur veniam velit reprehenderit sint nostrud cupidatat magna eiusmod mollit exercitation pariatur nulla minim laboris dolore aliqua consectetur cillum duis aute consectetur.",
      "post_tag": 1,
      "author": {
        "id": 2,
        "username": "Mamie Barnett",
        "social": "@mamie_barnett",
        "wallet": "DdzFFzCqrhshMSxb9oW3mRo4MJrQkusV3fGFSTwaiu4wPBqMryA9DYVJCkW9n7twCffG5f5wX2sSkoDXGiZB1HPa7K7f865Kk4LqnrME",
        "followers": 157,
        "bid": 3,
        "author_sale": 2,
        "about": "Sed ut perspiciatis unde omnis iste natus error sit voluptatem accusantium doloremque laudantium, totam rem aperiam, eaque ipsa quae ab illo inventore veritatis et quasi architecto beatae vitae dicta sunt explicabo. Nemo enim ipsam voluptatem quia voluptas sit aspernatur aut odit aut fugit, sed quia consequuntur magni",
        "published_at": "2021-11-04T13:41:34.589Z",
        "created_at": "2021-11-04T13:41:22.945Z",
        "updated_at": "2021-11-30T15:42:05.058Z",
        "avatar": {
          "id": 20,
          "name": "author-2.jpg",
          "alternativeText": "",
          "caption": "",
          "width": 200,
          "height": 200,
          "formats": {
            "thumbnail": {
              "name": "thumbnail_author-2.jpg",
              "hash": "thumbnail_author_2_c6ff6b745e",
              "ext": ".jpg",
              "mime": "image/jpeg",
              "width": 156,
              "height": 156,
              "size": 3.92,
              "path": null,
              "url": "/uploads/thumbnail_author_2_c6ff6b745e.jpg"
            }
          },
          "hash": "author_2_c6ff6b745e",
          "ext": ".jpg",
          "mime": "image/jpeg",
          "size": 5.1,
          "url": "/uploads/author_2_c6ff6b745e.jpg",
          "previewUrl": null,
          "provider": "local",
          "provider_metadata": null,
          "created_at": "2021-11-02T15:12:45.387Z",
          "updated_at": "2021-11-02T15:12:45.407Z"
        }
      },
      "post_comment": 1,
      "likes": 999,
      "published_at": "2021-11-30T16:27:08.619Z",
      "created_at": "2021-11-30T16:27:02.844Z",
      "updated_at": "2021-11-30T16:28:29.514Z",
      "cover": {
        "id": 71,
        "name": "news-4.jpg",
        "alternativeText": "",
        "caption": "",
        "width": 700,
        "height": 466,
        "formats": {
          "thumbnail": {
            "name": "thumbnail_news-4.jpg",
            "hash": "thumbnail_news_4_a34a586093",
            "ext": ".jpg",
            "mime": "image/jpeg",
            "width": 234,
            "height": 156,
            "size": 7.08,
            "path": null,
            "url": "/uploads/thumbnail_news_4_a34a586093.jpg"
          },
          "small": {
            "name": "small_news-4.jpg",
            "hash": "small_news_4_a34a586093",
            "ext": ".jpg",
            "mime": "image/jpeg",
            "width": 500,
            "height": 333,
            "size": 26.63,
            "path": null,
            "url": "/uploads/small_news_4_a34a586093.jpg"
          }
        },
        "hash": "news_4_a34a586093",
        "ext": ".jpg",
        "mime": "image/jpeg",
        "size": 45.7,
        "url": "/uploads/news_4_a34a586093.jpg",
        "previewUrl": null,
        "provider": "local",
        "provider_metadata": null,
        "created_at": "2021-11-02T15:12:59.240Z",
        "updated_at": "2021-11-02T15:12:59.263Z"
      }
    },
    {
      "id": 3,
      "title": "New NFT Project Launched!",
      "content": "Quis sunt quis do laboris eiusmod in sint dolore sit pariatur consequat commodo aliqua nulla ad dolor aliquip incididunt voluptate est aliquip adipisicing ea cupidatat nostrud incididunt aliquip dolore. Sed minim nisi duis laborum est labore nisi amet elit adipisicing proident do consectetur dolor labore sit nisi ad proident esse ad velit nisi irure reprehenderit ut et dolor labore veniam quis.\n\nDesign can be art. Design can be simple. That’s why it’s so complicated. Lorem ipsum dolor sit amet, consectetur adipisicing elit, sed do eiusmod tempor incididunt ut labore et dolore magna aliqua. Ut enim ad minim veniam.\n\nSunt duis laboris ex et quis laborum laborum cillum mollit voluptate culpa consequat ex cupidatat dolor eiusmod proident proident cillum pariatur sint adipisicing in nostrud do dolore consectetur quis incididunt minim consectetur. Exercitation elit proident dolor est id eiusmod dolor dolor incididunt ad voluptate laboris cupidatat est est sint veniam sint officia sint incididunt est sit ut tempor commodo pariatur ut proident et do.\n\nSed eu in ut sint dolor irure fugiat minim veniam sed ea proident ullamco occaecat irure ut velit eu ullamco fugiat cupidatat dolore fugiat. Lorem ipsum id non deserunt id consequat duis voluptate amet aliqua pariatur laboris officia pariatur veniam velit reprehenderit sint nostrud cupidatat magna eiusmod mollit exercitation pariatur nulla minim laboris dolore aliqua consectetur cillum duis aute consectetur.",
      "post_tag": 1,
      "author": {
        "id": 4,
        "username": "Lori Hart",
        "social": "@lori_hart",
        "wallet": "DdzFFzCqrhshMSxb9oW3mRo4MJrQkusV3fGFSTwaiu4wPBqMryA9DYVJCkW9n7twCffG5f5wX2sSkoDXGiZB1HPa7K7f865Kk4LqnrME",
        "followers": 322,
        "bid": 1,
        "author_sale": 4,
        "about": "Sed ut perspiciatis unde omnis iste natus error sit voluptatem accusantium doloremque laudantium, totam rem aperiam, eaque ipsa quae ab illo inventore veritatis et quasi architecto beatae vitae dicta sunt explicabo. Nemo enim ipsam voluptatem quia voluptas sit aspernatur aut odit aut fugit, sed quia consequuntur magni",
        "published_at": "2021-11-04T13:51:31.671Z",
        "created_at": "2021-11-04T13:51:29.459Z",
        "updated_at": "2021-11-30T15:41:59.490Z",
        "avatar": {
          "id": 22,
          "name": "author-4.jpg",
          "alternativeText": "",
          "caption": "",
          "width": 200,
          "height": 200,
          "formats": {
            "thumbnail": {
              "name": "thumbnail_author-4.jpg",
              "hash": "thumbnail_author_4_623046d09c",
              "ext": ".jpg",
              "mime": "image/jpeg",
              "width": 156,
              "height": 156,
              "size": 3.92,
              "path": null,
              "url": "/uploads/thumbnail_author_4_623046d09c.jpg"
            }
          },
          "hash": "author_4_623046d09c",
          "ext": ".jpg",
          "mime": "image/jpeg",
          "size": 5.12,
          "url": "/uploads/author_4_623046d09c.jpg",
          "previewUrl": null,
          "provider": "local",
          "provider_metadata": null,
          "created_at": "2021-11-02T15:12:45.797Z",
          "updated_at": "2021-11-02T15:12:45.825Z"
        }
      },
      "post_comment": 1,
      "likes": 999,
      "published_at": "2021-11-30T16:28:04.300Z",
      "created_at": "2021-11-30T16:28:00.677Z",
      "updated_at": "2021-11-30T16:28:19.416Z",
      "cover": {
        "id": 73,
        "name": "news-6.jpg",
        "alternativeText": "",
        "caption": "",
        "width": 700,
        "height": 467,
        "formats": {
          "thumbnail": {
            "name": "thumbnail_news-6.jpg",
            "hash": "thumbnail_news_6_4b66312ea1",
            "ext": ".jpg",
            "mime": "image/jpeg",
            "width": 234,
            "height": 156,
            "size": 10.51,
            "path": null,
            "url": "/uploads/thumbnail_news_6_4b66312ea1.jpg"
          },
          "small": {
            "name": "small_news-6.jpg",
            "hash": "small_news_6_4b66312ea1",
            "ext": ".jpg",
            "mime": "image/jpeg",
            "width": 500,
            "height": 334,
            "size": 38.34,
            "path": null,
            "url": "/uploads/small_news_6_4b66312ea1.jpg"
          }
        },
        "hash": "news_6_4b66312ea1",
        "ext": ".jpg",
        "mime": "image/jpeg",
        "size": 65.17,
        "url": "/uploads/news_6_4b66312ea1.jpg",
        "previewUrl": null,
        "provider": "local",
        "provider_metadata": null,
        "created_at": "2021-11-02T15:12:59.728Z",
        "updated_at": "2021-11-02T15:12:59.784Z"
      }
    }
  ]