[
    {
      "name": "Art"
    },
    {
      "name": "Internet"
    },
    {
      "name": "Marketing"
    },
    {
      "name": "Multipurpose"
    },
    {
      "name": "Music"
    },
    {
      "name": "Print"
    },
    {
      "name": "Programming"
    },
    {
      "name": "Responsive"
    },
    {
      "name": "Website"
    },
    {
      "name": "Application"
    },
    {
      "name": "Design"
    },
    {
      "name": "Entertainment"
    }
  ]