[
    {
      "id": 6,
      "username": "Karla Sharp",
      "social": "@karla_sharp",
      "wallet": "DdzFFzCqrhshMSxb9oW3mRo4MJrQkusV3fGFSTwaiu4wPBqMryA9DYVJCkW9n7twCffG5f5wX2sSkoDXGiZB1HPa7K7f865Kk4LqnrME",
      "followers": 444,
      "bid": null,
      "author_sale": {
        "id": 6,
        "sales": 1.6,
        "volume": 35.11,
        "daily_sales": 35.11,
        "weekly_sales": -29.82,
        "floor_price": 2.9,
        "owners": 2.3,
        "assets": 28.4,
        "author": 6,
        "published_at": "2021-11-04T14:19:08.173Z",
        "created_at": "2021-11-04T14:14:00.649Z",
        "updated_at": "2021-11-04T14:19:08.211Z"
      },
      "about": "Sed ut perspiciatis unde omnis iste natus error sit voluptatem accusantium doloremque laudantium, totam rem aperiam, eaque ipsa quae ab illo inventore veritatis et quasi architecto beatae vitae dicta sunt explicabo. Nemo enim ipsam voluptatem quia voluptas sit aspernatur aut odit aut fugit, sed quia consequuntur magni",
      "published_at": "2021-11-04T13:54:06.553Z",
      "created_at": "2021-11-04T13:54:03.485Z",
      "updated_at": "2021-11-30T15:41:54.355Z",
      "avatar": {
        "id": 24,
        "name": "author-6.jpg",
        "alternativeText": "",
        "caption": "",
        "width": 200,
        "height": 200,
        "formats": {
          "thumbnail": {
            "name": "thumbnail_author-6.jpg",
            "hash": "thumbnail_author_6_f8c8033ffc",
            "ext": ".jpg",
            "mime": "image/jpeg",
            "width": 156,
            "height": 156,
            "size": 2.98,
            "path": null,
            "url": "/uploads/thumbnail_author_6_f8c8033ffc.jpg"
          }
        },
        "hash": "author_6_f8c8033ffc",
        "ext": ".jpg",
        "mime": "image/jpeg",
        "size": 3.67,
        "url": "/uploads/author_6_f8c8033ffc.jpg",
        "previewUrl": null,
        "provider": "local",
        "provider_metadata": null,
        "created_at": "2021-11-02T15:12:46.121Z",
        "updated_at": "2021-11-02T15:12:46.151Z"
      }
    },
    {
      "id": 12,
      "username": "Fred Ryan",
      "social": "@fred_ryan",
      "wallet": "DdzFFzCqrhshMSxb9oW3mRo4MJrQkusV3fGFSTwaiu4wPBqMryA9DYVJCkW9n7twCffG5f5wX2sSkoDXGiZB1HPa7K7f865Kk4LqnrME",
      "followers": 781,
      "bid": null,
      "author_sale": {
        "id": 12,
        "sales": 0.5,
        "volume": 15.22587,
        "daily_sales": 35.11,
        "weekly_sales": 239.83,
        "floor_price": 2.9,
        "owners": 2.3,
        "assets": 28.4,
        "author": 12,
        "published_at": "2021-11-04T14:18:23.173Z",
        "created_at": "2021-11-04T14:18:20.052Z",
        "updated_at": "2021-11-04T14:25:50.094Z"
      },
      "about": "Sed ut perspiciatis unde omnis iste natus error sit voluptatem accusantium doloremque laudantium, totam rem aperiam, eaque ipsa quae ab illo inventore veritatis et quasi architecto beatae vitae dicta sunt explicabo. Nemo enim ipsam voluptatem quia voluptas sit aspernatur aut odit aut fugit, sed quia consequuntur magni",
      "published_at": "2021-11-04T14:02:10.231Z",
      "created_at": "2021-11-04T14:02:06.507Z",
      "updated_at": "2021-11-30T15:41:34.871Z",
      "avatar": {
        "id": 30,
        "name": "author-12.jpg",
        "alternativeText": "",
        "caption": "",
        "width": 200,
        "height": 200,
        "formats": {
          "thumbnail": {
            "name": "thumbnail_author-12.jpg",
            "hash": "thumbnail_author_12_3202cef504",
            "ext": ".jpg",
            "mime": "image/jpeg",
            "width": 156,
            "height": 156,
            "size": 8.19,
            "path": null,
            "url": "/uploads/thumbnail_author_12_3202cef504.jpg"
          }
        },
        "hash": "author_12_3202cef504",
        "ext": ".jpg",
        "mime": "image/jpeg",
        "size": 11.58,
        "url": "/uploads/author_12_3202cef504.jpg",
        "previewUrl": null,
        "provider": "local",
        "provider_metadata": null,
        "created_at": "2021-11-02T15:12:47.238Z",
        "updated_at": "2021-11-02T15:12:47.256Z"
      }
    },
    {
      "id": 11,
      "username": "Ida Chapman",
      "social": "@ida_chapman",
      "wallet": "DdzFFzCqrhshMSxb9oW3mRo4MJrQkusV3fGFSTwaiu4wPBqMryA9DYVJCkW9n7twCffG5f5wX2sSkoDXGiZB1HPa7K7f865Kk4LqnrME",
      "followers": 696,
      "bid": null,
      "author_sale": {
        "id": 11,
        "sales": 0.6,
        "volume": 15.22587,
        "daily_sales": 35.11,
        "weekly_sales": 239.83,
        "floor_price": 2.9,
        "owners": 2.3,
        "assets": 28.4,
        "author": 11,
        "published_at": "2021-11-04T14:17:42.413Z",
        "created_at": "2021-11-04T14:17:40.058Z",
        "updated_at": "2021-11-04T14:17:42.444Z"
      },
      "about": "Sed ut perspiciatis unde omnis iste natus error sit voluptatem accusantium doloremque laudantium, totam rem aperiam, eaque ipsa quae ab illo inventore veritatis et quasi architecto beatae vitae dicta sunt explicabo. Nemo enim ipsam voluptatem quia voluptas sit aspernatur aut odit aut fugit, sed quia consequuntur magni",
      "published_at": "2021-11-04T14:01:02.394Z",
      "created_at": "2021-11-04T14:00:59.777Z",
      "updated_at": "2021-11-30T15:41:46.425Z",
      "avatar": {
        "id": 29,
        "name": "author-11.jpg",
        "alternativeText": "",
        "caption": "",
        "width": 200,
        "height": 200,
        "formats": {
          "thumbnail": {
            "name": "thumbnail_author-11.jpg",
            "hash": "thumbnail_author_11_1ad2096db9",
            "ext": ".jpg",
            "mime": "image/jpeg",
            "width": 156,
            "height": 156,
            "size": 3.33,
            "path": null,
            "url": "/uploads/thumbnail_author_11_1ad2096db9.jpg"
          }
        },
        "hash": "author_11_1ad2096db9",
        "ext": ".jpg",
        "mime": "image/jpeg",
        "size": 4.13,
        "url": "/uploads/author_11_1ad2096db9.jpg",
        "previewUrl": null,
        "provider": "local",
        "provider_metadata": null,
        "created_at": "2021-11-02T15:12:47.082Z",
        "updated_at": "2021-11-02T15:12:47.101Z"
      }
    },
    {
      "id": 10,
      "username": "Stacy Long",
      "social": "@stacy_long",
      "wallet": "DdzFFzCqrhshMSxb9oW3mRo4MJrQkusV3fGFSTwaiu4wPBqMryA9DYVJCkW9n7twCffG5f5wX2sSkoDXGiZB1HPa7K7f865Kk4LqnrME",
      "followers": 355,
      "bid": null,
      "author_sale": {
        "id": 10,
        "sales": 0.8,
        "volume": 15.22587,
        "daily_sales": -35.11,
        "weekly_sales": 239.83,
        "floor_price": 2.9,
        "owners": 2.3,
        "assets": 28.4,
        "author": 10,
        "published_at": "2021-11-04T14:19:38.707Z",
        "created_at": "2021-11-04T14:17:00.820Z",
        "updated_at": "2021-11-04T14:19:38.744Z"
      },
      "about": "Sed ut perspiciatis unde omnis iste natus error sit voluptatem accusantium doloremque laudantium, totam rem aperiam, eaque ipsa quae ab illo inventore veritatis et quasi architecto beatae vitae dicta sunt explicabo. Nemo enim ipsam voluptatem quia voluptas sit aspernatur aut odit aut fugit, sed quia consequuntur magni",
      "published_at": "2021-11-04T14:00:04.300Z",
      "created_at": "2021-11-04T14:00:01.298Z",
      "updated_at": "2021-11-30T15:42:20.769Z",
      "avatar": {
        "id": 28,
        "name": "author-10.jpg",
        "alternativeText": "",
        "caption": "",
        "width": 200,
        "height": 200,
        "formats": {
          "thumbnail": {
            "name": "thumbnail_author-10.jpg",
            "hash": "thumbnail_author_10_311ec16dc3",
            "ext": ".jpg",
            "mime": "image/jpeg",
            "width": 156,
            "height": 156,
            "size": 4.74,
            "path": null,
            "url": "/uploads/thumbnail_author_10_311ec16dc3.jpg"
          }
        },
        "hash": "author_10_311ec16dc3",
        "ext": ".jpg",
        "mime": "image/jpeg",
        "size": 6.42,
        "url": "/uploads/author_10_311ec16dc3.jpg",
        "previewUrl": null,
        "provider": "local",
        "provider_metadata": null,
        "created_at": "2021-11-02T15:12:46.918Z",
        "updated_at": "2021-11-02T15:12:46.938Z"
      }
    },
    {
      "id": 9,
      "username": "Franklin Greer",
      "social": "@franklin_greer",
      "wallet": "DdzFFzCqrhshMSxb9oW3mRo4MJrQkusV3fGFSTwaiu4wPBqMryA9DYVJCkW9n7twCffG5f5wX2sSkoDXGiZB1HPa7K7f865Kk4LqnrME",
      "followers": 124,
      "bid": null,
      "author_sale": {
        "id": 9,
        "sales": 0.9,
        "volume": 15.22587,
        "daily_sales": 35.11,
        "weekly_sales": 239.83,
        "floor_price": 2.9,
        "owners": 2.3,
        "assets": 28.4,
        "author": 9,
        "published_at": "2021-11-04T14:19:35.929Z",
        "created_at": "2021-11-04T14:16:07.307Z",
        "updated_at": "2021-11-04T14:19:35.965Z"
      },
      "about": "Sed ut perspiciatis unde omnis iste natus error sit voluptatem accusantium doloremque laudantium, totam rem aperiam, eaque ipsa quae ab illo inventore veritatis et quasi architecto beatae vitae dicta sunt explicabo. Nemo enim ipsam voluptatem quia voluptas sit aspernatur aut odit aut fugit, sed quia consequuntur magni",
      "published_at": "2021-11-04T13:57:26.358Z",
      "created_at": "2021-11-04T13:57:23.603Z",
      "updated_at": "2021-11-30T15:41:29.197Z",
      "avatar": {
        "id": 27,
        "name": "author-9.jpg",
        "alternativeText": "",
        "caption": "",
        "width": 200,
        "height": 200,
        "formats": {
          "thumbnail": {
            "name": "thumbnail_author-9.jpg",
            "hash": "thumbnail_author_9_91a41bc22c",
            "ext": ".jpg",
            "mime": "image/jpeg",
            "width": 156,
            "height": 156,
            "size": 4.55,
            "path": null,
            "url": "/uploads/thumbnail_author_9_91a41bc22c.jpg"
          }
        },
        "hash": "author_9_91a41bc22c",
        "ext": ".jpg",
        "mime": "image/jpeg",
        "size": 5.85,
        "url": "/uploads/author_9_91a41bc22c.jpg",
        "previewUrl": null,
        "provider": "local",
        "provider_metadata": null,
        "created_at": "2021-11-02T15:12:46.773Z",
        "updated_at": "2021-11-02T15:12:46.800Z"
      }
    },
    {
      "id": 8,
      "username": "Claude Banks",
      "social": "@claude_banks",
      "wallet": "DdzFFzCqrhshMSxb9oW3mRo4MJrQkusV3fGFSTwaiu4wPBqMryA9DYVJCkW9n7twCffG5f5wX2sSkoDXGiZB1HPa7K7f865Kk4LqnrME",
      "followers": 788,
      "bid": null,
      "author_sale": {
        "id": 8,
        "sales": 1.3,
        "volume": 15.22587,
        "daily_sales": 35.11,
        "weekly_sales": 239.83,
        "floor_price": 2.9,
        "owners": 2.3,
        "assets": 28.4,
        "author": 8,
        "published_at": "2021-11-04T14:19:32.729Z",
        "created_at": "2021-11-04T14:15:19.687Z",
        "updated_at": "2021-11-04T14:19:32.762Z"
      },
      "about": "Sed ut perspiciatis unde omnis iste natus error sit voluptatem accusantium doloremque laudantium, totam rem aperiam, eaque ipsa quae ab illo inventore veritatis et quasi architecto beatae vitae dicta sunt explicabo. Nemo enim ipsam voluptatem quia voluptas sit aspernatur aut odit aut fugit, sed quia consequuntur magni",
      "published_at": "2021-11-04T13:57:45.099Z",
      "created_at": "2021-11-04T13:56:04.115Z",
      "updated_at": "2021-11-30T15:41:23.500Z",
      "avatar": {
        "id": 26,
        "name": "author-8.jpg",
        "alternativeText": "",
        "caption": "",
        "width": 200,
        "height": 200,
        "formats": {
          "thumbnail": {
            "name": "thumbnail_author-8.jpg",
            "hash": "thumbnail_author_8_3bc062c072",
            "ext": ".jpg",
            "mime": "image/jpeg",
            "width": 156,
            "height": 156,
            "size": 6.14,
            "path": null,
            "url": "/uploads/thumbnail_author_8_3bc062c072.jpg"
          }
        },
        "hash": "author_8_3bc062c072",
        "ext": ".jpg",
        "mime": "image/jpeg",
        "size": 8.28,
        "url": "/uploads/author_8_3bc062c072.jpg",
        "previewUrl": null,
        "provider": "local",
        "provider_metadata": null,
        "created_at": "2021-11-02T15:12:46.624Z",
        "updated_at": "2021-11-02T15:12:46.645Z"
      }
    },
    {
      "id": 7,
      "username": "Gayle Hicks",
      "social": "@gayle_hicks",
      "wallet": "DdzFFzCqrhshMSxb9oW3mRo4MJrQkusV3fGFSTwaiu4wPBqMryA9DYVJCkW9n7twCffG5f5wX2sSkoDXGiZB1HPa7K7f865Kk4LqnrME",
      "followers": 399,
      "bid": null,
      "author_sale": {
        "id": 7,
        "sales": 1.5,
        "volume": 15.22587,
        "daily_sales": 35.11,
        "weekly_sales": 239.83,
        "floor_price": 2.9,
        "owners": 2.3,
        "assets": 28.4,
        "author": 7,
        "published_at": "2021-11-04T14:19:27.693Z",
        "created_at": "2021-11-04T14:14:45.903Z",
        "updated_at": "2021-11-04T14:19:27.718Z"
      },
      "about": "Sed ut perspiciatis unde omnis iste natus error sit voluptatem accusantium doloremque laudantium, totam rem aperiam, eaque ipsa quae ab illo inventore veritatis et quasi architecto beatae vitae dicta sunt explicabo. Nemo enim ipsam voluptatem quia voluptas sit aspernatur aut odit aut fugit, sed quia consequuntur magni",
      "published_at": "2021-11-04T13:55:07.062Z",
      "created_at": "2021-11-04T13:55:03.616Z",
      "updated_at": "2021-11-30T15:41:40.128Z",
      "avatar": {
        "id": 25,
        "name": "author-7.jpg",
        "alternativeText": "",
        "caption": "",
        "width": 200,
        "height": 200,
        "formats": {
          "thumbnail": {
            "name": "thumbnail_author-7.jpg",
            "hash": "thumbnail_author_7_3b6dc1483c",
            "ext": ".jpg",
            "mime": "image/jpeg",
            "width": 156,
            "height": 156,
            "size": 4.83,
            "path": null,
            "url": "/uploads/thumbnail_author_7_3b6dc1483c.jpg"
          }
        },
        "hash": "author_7_3b6dc1483c",
        "ext": ".jpg",
        "mime": "image/jpeg",
        "size": 5.76,
        "url": "/uploads/author_7_3b6dc1483c.jpg",
        "previewUrl": null,
        "provider": "local",
        "provider_metadata": null,
        "created_at": "2021-11-02T15:12:46.496Z",
        "updated_at": "2021-11-02T15:12:46.517Z"
      }
    },
    {
      "id": 5,
      "username": "Jimmy Wright",
      "social": "@jimmy_wright",
      "wallet": "DdzFFzCqrhshMSxb9oW3mRo4MJrQkusV3fGFSTwaiu4wPBqMryA9DYVJCkW9n7twCffG5f5wX2sSkoDXGiZB1HPa7K7f865Kk4LqnrME",
      "followers": 402,
      "bid": 5,
      "author_sale": {
        "id": 5,
        "sales": 1.9,
        "volume": 15.22587,
        "daily_sales": 35.11,
        "weekly_sales": 239.83,
        "floor_price": 2.9,
        "owners": 2.3,
        "assets": 28.4,
        "author": 5,
        "published_at": "2021-11-04T14:19:04.816Z",
        "created_at": "2021-11-04T14:13:06.275Z",
        "updated_at": "2021-11-04T14:19:04.851Z"
      },
      "about": "Sed ut perspiciatis unde omnis iste natus error sit voluptatem accusantium doloremque laudantium, totam rem aperiam, eaque ipsa quae ab illo inventore veritatis et quasi architecto beatae vitae dicta sunt explicabo. Nemo enim ipsam voluptatem quia voluptas sit aspernatur aut odit aut fugit, sed quia consequuntur magni",
      "published_at": "2021-11-04T13:53:12.990Z",
      "created_at": "2021-11-04T13:53:10.647Z",
      "updated_at": "2021-11-30T15:41:50.391Z",
      "avatar": {
        "id": 23,
        "name": "author-5.jpg",
        "alternativeText": "",
        "caption": "",
        "width": 200,
        "height": 200,
        "formats": {
          "thumbnail": {
            "name": "thumbnail_author-5.jpg",
            "hash": "thumbnail_author_5_a558aecf04",
            "ext": ".jpg",
            "mime": "image/jpeg",
            "width": 156,
            "height": 156,
            "size": 4.73,
            "path": null,
            "url": "/uploads/thumbnail_author_5_a558aecf04.jpg"
          }
        },
        "hash": "author_5_a558aecf04",
        "ext": ".jpg",
        "mime": "image/jpeg",
        "size": 6.32,
        "url": "/uploads/author_5_a558aecf04.jpg",
        "previewUrl": null,
        "provider": "local",
        "provider_metadata": null,
        "created_at": "2021-11-02T15:12:45.936Z",
        "updated_at": "2021-11-02T15:12:45.962Z"
      }
    },
    {
      "id": 4,
      "username": "Lori Hart",
      "social": "@lori_hart",
      "wallet": "DdzFFzCqrhshMSxb9oW3mRo4MJrQkusV3fGFSTwaiu4wPBqMryA9DYVJCkW9n7twCffG5f5wX2sSkoDXGiZB1HPa7K7f865Kk4LqnrME",
      "followers": 322,
      "bid": 1,
      "author_sale": {
        "id": 4,
        "sales": 2.2,
        "volume": 15.22587,
        "daily_sales": 35.11,
        "weekly_sales": 239.83,
        "floor_price": 2.9,
        "owners": 2.3,
        "assets": 28.4,
        "author": 4,
        "published_at": "2021-11-04T14:18:38.346Z",
        "created_at": "2021-11-04T14:08:51.258Z",
        "updated_at": "2021-11-04T14:18:38.383Z"
      },
      "about": "Sed ut perspiciatis unde omnis iste natus error sit voluptatem accusantium doloremque laudantium, totam rem aperiam, eaque ipsa quae ab illo inventore veritatis et quasi architecto beatae vitae dicta sunt explicabo. Nemo enim ipsam voluptatem quia voluptas sit aspernatur aut odit aut fugit, sed quia consequuntur magni",
      "published_at": "2021-11-04T13:51:31.671Z",
      "created_at": "2021-11-04T13:51:29.459Z",
      "updated_at": "2021-11-30T15:41:59.490Z",
      "avatar": {
        "id": 22,
        "name": "author-4.jpg",
        "alternativeText": "",
        "caption": "",
        "width": 200,
        "height": 200,
        "formats": {
          "thumbnail": {
            "name": "thumbnail_author-4.jpg",
            "hash": "thumbnail_author_4_623046d09c",
            "ext": ".jpg",
            "mime": "image/jpeg",
            "width": 156,
            "height": 156,
            "size": 3.92,
            "path": null,
            "url": "/uploads/thumbnail_author_4_623046d09c.jpg"
          }
        },
        "hash": "author_4_623046d09c",
        "ext": ".jpg",
        "mime": "image/jpeg",
        "size": 5.12,
        "url": "/uploads/author_4_623046d09c.jpg",
        "previewUrl": null,
        "provider": "local",
        "provider_metadata": null,
        "created_at": "2021-11-02T15:12:45.797Z",
        "updated_at": "2021-11-02T15:12:45.825Z"
      }
    },
    {
      "id": 1,
      "username": "Monica Lucas",
      "social": "@monicaaa",
      "wallet": "DdzFFzCqrhshMSxb9oW3mRo4MJrQkusV3fGFSTwaiu4wPBqMryA9DYVJCkW9n7twCffG5f5wX2sSkoDXGiZB1HPa7K7f865Kk4LqnrME",
      "followers": 500,
      "bid": 4,
      "author_sale": {
        "id": 1,
        "sales": 3.2,
        "volume": 15.22587,
        "daily_sales": 87.54,
        "weekly_sales": 309.49,
        "floor_price": 5.9,
        "owners": 2.8,
        "assets": 58.5,
        "author": 1,
        "published_at": "2021-11-02T15:26:20.783Z",
        "created_at": "2021-11-02T15:26:16.106Z",
        "updated_at": "2021-11-06T19:39:41.763Z"
      },
      "about": "Sed ut perspiciatis unde omnis iste natus error sit voluptatem accusantium doloremque laudantium, totam rem aperiam, eaque ipsa quae ab illo inventore veritatis et quasi architecto beatae vitae dicta sunt explicabo. Nemo enim ipsam voluptatem quia voluptas sit aspernatur aut odit aut fugit, sed quia consequuntur magni",
      "published_at": "2021-11-02T15:20:32.637Z",
      "created_at": "2021-11-02T15:20:24.426Z",
      "updated_at": "2021-11-30T15:42:09.638Z",
      "avatar": {
        "id": 19,
        "name": "author-1.jpg",
        "alternativeText": "",
        "caption": "",
        "width": 200,
        "height": 200,
        "formats": {
          "thumbnail": {
            "name": "thumbnail_author-1.jpg",
            "hash": "thumbnail_author_1_6f9ad9e11a",
            "ext": ".jpg",
            "mime": "image/jpeg",
            "width": 156,
            "height": 156,
            "size": 7.45,
            "path": null,
            "url": "/uploads/thumbnail_author_1_6f9ad9e11a.jpg"
          }
        },
        "hash": "author_1_6f9ad9e11a",
        "ext": ".jpg",
        "mime": "image/jpeg",
        "size": 9.93,
        "url": "/uploads/author_1_6f9ad9e11a.jpg",
        "previewUrl": null,
        "provider": "local",
        "provider_metadata": null,
        "created_at": "2021-11-02T15:12:44.838Z",
        "updated_at": "2021-11-02T15:12:44.890Z"
      }
    },
    {
      "id": 2,
      "username": "Mamie Barnett",
      "social": "@mamie_barnett",
      "wallet": "DdzFFzCqrhshMSxb9oW3mRo4MJrQkusV3fGFSTwaiu4wPBqMryA9DYVJCkW9n7twCffG5f5wX2sSkoDXGiZB1HPa7K7f865Kk4LqnrME",
      "followers": 157,
      "bid": 3,
      "author_sale": {
        "id": 2,
        "sales": 2.8,
        "volume": 14.30478,
        "daily_sales": 35.11,
        "weekly_sales": 239.83,
        "floor_price": 2.9,
        "owners": 2.3,
        "assets": 28.4,
        "author": 2,
        "published_at": "2021-11-04T14:03:40.888Z",
        "created_at": "2021-11-04T14:03:35.299Z",
        "updated_at": "2021-11-04T14:03:40.918Z"
      },
      "about": "Sed ut perspiciatis unde omnis iste natus error sit voluptatem accusantium doloremque laudantium, totam rem aperiam, eaque ipsa quae ab illo inventore veritatis et quasi architecto beatae vitae dicta sunt explicabo. Nemo enim ipsam voluptatem quia voluptas sit aspernatur aut odit aut fugit, sed quia consequuntur magni",
      "published_at": "2021-11-04T13:41:34.589Z",
      "created_at": "2021-11-04T13:41:22.945Z",
      "updated_at": "2021-11-30T15:42:05.058Z",
      "avatar": {
        "id": 20,
        "name": "author-2.jpg",
        "alternativeText": "",
        "caption": "",
        "width": 200,
        "height": 200,
        "formats": {
          "thumbnail": {
            "name": "thumbnail_author-2.jpg",
            "hash": "thumbnail_author_2_c6ff6b745e",
            "ext": ".jpg",
            "mime": "image/jpeg",
            "width": 156,
            "height": 156,
            "size": 3.92,
            "path": null,
            "url": "/uploads/thumbnail_author_2_c6ff6b745e.jpg"
          }
        },
        "hash": "author_2_c6ff6b745e",
        "ext": ".jpg",
        "mime": "image/jpeg",
        "size": 5.1,
        "url": "/uploads/author_2_c6ff6b745e.jpg",
        "previewUrl": null,
        "provider": "local",
        "provider_metadata": null,
        "created_at": "2021-11-02T15:12:45.387Z",
        "updated_at": "2021-11-02T15:12:45.407Z"
      }
    },
    {
      "id": 3,
      "username": "Nicholas Daniels",
      "social": "@nicholas_daniels",
      "wallet": "DdzFFzCqrhshMSxb9oW3mRo4MJrQkusV3fGFSTwaiu4wPBqMryA9DYVJCkW9n7twCffG5f5wX2sSkoDXGiZB1HPa7K7f865Kk4LqnrME",
      "followers": 291,
      "bid": 2,
      "author_sale": {
        "id": 3,
        "sales": 2.5,
        "volume": 13.22587,
        "daily_sales": -33.56,
        "weekly_sales": 307.97,
        "floor_price": 4.5,
        "owners": 2.2,
        "assets": 58.5,
        "author": 3,
        "published_at": "2021-11-04T14:04:58.600Z",
        "created_at": "2021-11-04T14:04:55.484Z",
        "updated_at": "2021-11-06T19:36:21.190Z"
      },
      "about": "Sed ut perspiciatis unde omnis iste natus error sit voluptatem accusantium doloremque laudantium, totam rem aperiam, eaque ipsa quae ab illo inventore veritatis et quasi architecto beatae vitae dicta sunt explicabo. Nemo enim ipsam voluptatem quia voluptas sit aspernatur aut odit aut fugit, sed quia consequuntur magni",
      "published_at": "2021-11-04T13:50:28.703Z",
      "created_at": "2021-11-04T13:50:26.184Z",
      "updated_at": "2021-11-30T15:42:16.497Z",
      "avatar": {
        "id": 21,
        "name": "author-3.jpg",
        "alternativeText": "",
        "caption": "",
        "width": 200,
        "height": 200,
        "formats": {
          "thumbnail": {
            "name": "thumbnail_author-3.jpg",
            "hash": "thumbnail_author_3_1769046ae5",
            "ext": ".jpg",
            "mime": "image/jpeg",
            "width": 156,
            "height": 156,
            "size": 2.72,
            "path": null,
            "url": "/uploads/thumbnail_author_3_1769046ae5.jpg"
          }
        },
        "hash": "author_3_1769046ae5",
        "ext": ".jpg",
        "mime": "image/jpeg",
        "size": 3.42,
        "url": "/uploads/author_3_1769046ae5.jpg",
        "previewUrl": null,
        "provider": "local",
        "provider_metadata": null,
        "created_at": "2021-11-02T15:12:45.680Z",
        "updated_at": "2021-11-02T15:12:45.700Z"
      }
    }
  ]