[
    {
      "id": 1,
      "username": "Monica Lucas",
      "social": "@monicaaa",
      "wallet": "DdzFFzCqrhshMSxb9oW3mRo4MJrQkusV3fGFSTwaiu4wPBqMryA9DYVJCkW9n7twCffG5f5wX2sSkoDXGiZB1HPa7K7f865Kk4LqnrME",
      "followers": 500,
      "bid": {
        "id": 4,
        "value": 0.005,
        "nft": 1,
        "author": 1,
        "published_at": "2021-11-04T14:33:13.291Z",
        "created_at": "2021-11-04T14:33:08.498Z",
        "updated_at": "2021-11-30T15:42:09.617Z"
      },
      "author_sale": {
        "id": 1,
        "sales": 3.2,
        "volume": 15.22587,
        "daily_sales": 87.54,
        "weekly_sales": 309.49,
        "floor_price": 5.9,
        "owners": 2.8,
        "assets": 58.5,
        "author": 1,
        "published_at": "2021-11-02T15:26:20.783Z",
        "created_at": "2021-11-02T15:26:16.106Z",
        "updated_at": "2021-11-06T19:39:41.763Z"
      },
      "about": "Sed ut perspiciatis unde omnis iste natus error sit voluptatem accusantium doloremque laudantium, totam rem aperiam, eaque ipsa quae ab illo inventore veritatis et quasi architecto beatae vitae dicta sunt explicabo. Nemo enim ipsam voluptatem quia voluptas sit aspernatur aut odit aut fugit, sed quia consequuntur magni",
      "published_at": "2021-11-02T15:20:32.637Z",
      "created_at": "2021-11-02T15:20:24.426Z",
      "updated_at": "2021-11-30T15:42:09.638Z",
      "avatar": {
        "id": 19,
        "name": "author-1.jpg",
        "alternativeText": "",
        "caption": "",
        "width": 200,
        "height": 200,
        "formats": {
          "thumbnail": {
            "name": "thumbnail_author-1.jpg",
            "hash": "thumbnail_author_1_6f9ad9e11a",
            "ext": ".jpg",
            "mime": "image/jpeg",
            "width": 156,
            "height": 156,
            "size": 7.45,
            "path": null,
            "url": "/uploads/thumbnail_author_1_6f9ad9e11a.jpg"
          }
        },
        "hash": "author_1_6f9ad9e11a",
        "ext": ".jpg",
        "mime": "image/jpeg",
        "size": 9.93,
        "url": "/uploads/author_1_6f9ad9e11a.jpg",
        "previewUrl": null,
        "provider": "local",
        "provider_metadata": null,
        "created_at": "2021-11-02T15:12:44.838Z",
        "updated_at": "2021-11-02T15:12:44.890Z"
      },
      "banner": {
        "id": 18,
        "name": "author_banner.jpg",
        "alternativeText": "",
        "caption": "",
        "width": 1920,
        "height": 1080,
        "formats": {
          "thumbnail": {
            "name": "thumbnail_author_banner.jpg",
            "hash": "thumbnail_author_banner_1d2c434cf5",
            "ext": ".jpg",
            "mime": "image/jpeg",
            "width": 245,
            "height": 138,
            "size": 12.42,
            "path": null,
            "url": "/uploads/thumbnail_author_banner_1d2c434cf5.jpg"
          },
          "large": {
            "name": "large_author_banner.jpg",
            "hash": "large_author_banner_1d2c434cf5",
            "ext": ".jpg",
            "mime": "image/jpeg",
            "width": 1000,
            "height": 563,
            "size": 131.9,
            "path": null,
            "url": "/uploads/large_author_banner_1d2c434cf5.jpg"
          },
          "medium": {
            "name": "medium_author_banner.jpg",
            "hash": "medium_author_banner_1d2c434cf5",
            "ext": ".jpg",
            "mime": "image/jpeg",
            "width": 750,
            "height": 422,
            "size": 80.19,
            "path": null,
            "url": "/uploads/medium_author_banner_1d2c434cf5.jpg"
          },
          "small": {
            "name": "small_author_banner.jpg",
            "hash": "small_author_banner_1d2c434cf5",
            "ext": ".jpg",
            "mime": "image/jpeg",
            "width": 500,
            "height": 281,
            "size": 41.64,
            "path": null,
            "url": "/uploads/small_author_banner_1d2c434cf5.jpg"
          }
        },
        "hash": "author_banner_1d2c434cf5",
        "ext": ".jpg",
        "mime": "image/jpeg",
        "size": 340.92,
        "url": "/uploads/author_banner_1d2c434cf5.jpg",
        "previewUrl": null,
        "provider": "local",
        "provider_metadata": null,
        "created_at": "2021-11-02T15:12:44.548Z",
        "updated_at": "2021-11-02T15:12:44.563Z"
      },
      "nfts": [
        {
          "id": 1,
          "unique_id": null,
          "category": "art",
          "status": "on_auction",
          "item_type": "single_items",
          "collections": "abstraction",
          "deadline": "2021-12-31",
          "author_link": "/Author",
          "nft_link": "/ItemDetail",
          "bid_link": "/ItemDetail",
          "title": "Pinky Ocean",
          "price": 0.08,
          "bid": 1,
          "max_bid": 20,
          "likes": 50,
          "description": "Sed ut perspiciatis unde omnis iste natus error sit voluptatem accusantium doloremque laudantium, totam rem aperiam, eaque ipsa quae ab illo inventore veritatis et quasi architecto beatae vitae dicta sunt explicabo.",
          "views": 250,
          "priceover": null,
          "author": 1,
          "showcase": null,
          "published_at": "2021-11-04T13:34:54.734Z",
          "created_at": "2021-11-04T13:34:10.002Z",
          "updated_at": "2021-11-30T15:42:09.579Z",
          "preview_image": {
            "id": 41,
            "name": "big-1.jpg",
            "alternativeText": "",
            "caption": "",
            "width": 1920,
            "height": 1920,
            "formats": {
              "thumbnail": {
                "name": "thumbnail_big-1.jpg",
                "hash": "thumbnail_big_1_5e0d3a105a",
                "ext": ".jpg",
                "mime": "image/jpeg",
                "width": 156,
                "height": 156,
                "size": 10.23,
                "path": null,
                "url": "/uploads/thumbnail_big_1_5e0d3a105a.jpg"
              },
              "large": {
                "name": "large_big-1.jpg",
                "hash": "large_big_1_5e0d3a105a",
                "ext": ".jpg",
                "mime": "image/jpeg",
                "width": 1000,
                "height": 1000,
                "size": 235.77,
                "path": null,
                "url": "/uploads/large_big_1_5e0d3a105a.jpg"
              },
              "medium": {
                "name": "medium_big-1.jpg",
                "hash": "medium_big_1_5e0d3a105a",
                "ext": ".jpg",
                "mime": "image/jpeg",
                "width": 750,
                "height": 750,
                "size": 143.9,
                "path": null,
                "url": "/uploads/medium_big_1_5e0d3a105a.jpg"
              },
              "small": {
                "name": "small_big-1.jpg",
                "hash": "small_big_1_5e0d3a105a",
                "ext": ".jpg",
                "mime": "image/jpeg",
                "width": 500,
                "height": 500,
                "size": 75.02,
                "path": null,
                "url": "/uploads/small_big_1_5e0d3a105a.jpg"
              }
            },
            "hash": "big_1_5e0d3a105a",
            "ext": ".jpg",
            "mime": "image/jpeg",
            "size": 511.06,
            "url": "/uploads/big_1_5e0d3a105a.jpg",
            "previewUrl": null,
            "provider": "local",
            "provider_metadata": null,
            "created_at": "2021-11-02T15:12:50.521Z",
            "updated_at": "2021-11-02T15:12:50.539Z"
          }
        },
        {
          "id": 16,
          "unique_id": null,
          "category": "art",
          "status": "buy_now",
          "item_type": "single_items",
          "collections": "abstraction",
          "deadline": null,
          "author_link": "/Author",
          "nft_link": "/ItemDetail",
          "bid_link": "/ItemDetail",
          "title": "Red Ocean",
          "price": 0.45,
          "bid": null,
          "max_bid": null,
          "likes": 588,
          "description": "Sed ut perspiciatis unde omnis iste natus error sit voluptatem accusantium doloremque laudantium, totam rem aperiam, eaque ipsa quae ab illo inventore veritatis et quasi architecto beatae vitae dicta sunt explicabo.",
          "views": 899,
          "priceover": null,
          "author": 1,
          "showcase": true,
          "published_at": "2021-11-06T20:58:50.186Z",
          "created_at": "2021-11-06T20:58:32.152Z",
          "updated_at": "2021-11-30T15:42:09.579Z",
          "preview_image": {
            "id": 55,
            "name": "crs-4.jpg",
            "alternativeText": "",
            "caption": "",
            "width": 1000,
            "height": 1000,
            "formats": {
              "thumbnail": {
                "name": "thumbnail_crs-4.jpg",
                "hash": "thumbnail_crs_4_697e6e1a08",
                "ext": ".jpg",
                "mime": "image/jpeg",
                "width": 156,
                "height": 156,
                "size": 6.92,
                "path": null,
                "url": "/uploads/thumbnail_crs_4_697e6e1a08.jpg"
              },
              "medium": {
                "name": "medium_crs-4.jpg",
                "hash": "medium_crs_4_697e6e1a08",
                "ext": ".jpg",
                "mime": "image/jpeg",
                "width": 750,
                "height": 750,
                "size": 152.99,
                "path": null,
                "url": "/uploads/medium_crs_4_697e6e1a08.jpg"
              },
              "small": {
                "name": "small_crs-4.jpg",
                "hash": "small_crs_4_697e6e1a08",
                "ext": ".jpg",
                "mime": "image/jpeg",
                "width": 500,
                "height": 500,
                "size": 66.84,
                "path": null,
                "url": "/uploads/small_crs_4_697e6e1a08.jpg"
              }
            },
            "hash": "crs_4_697e6e1a08",
            "ext": ".jpg",
            "mime": "image/jpeg",
            "size": 287.36,
            "url": "/uploads/crs_4_697e6e1a08.jpg",
            "previewUrl": null,
            "provider": "local",
            "provider_metadata": null,
            "created_at": "2021-11-02T15:12:53.933Z",
            "updated_at": "2021-11-02T15:12:53.957Z"
          }
        }
      ],
      "hot_collections": [
        {
          "id": 1,
          "unique_id": "ERC-192",
          "author": 1,
          "name": "Abstraction",
          "published_at": "2021-11-06T20:46:50.375Z",
          "created_at": "2021-11-06T20:40:13.013Z",
          "updated_at": "2021-11-30T15:42:09.581Z",
          "banner": {
            "id": 39,
            "name": "coll-1.jpg",
            "alternativeText": "",
            "caption": "",
            "width": 600,
            "height": 338,
            "formats": {
              "thumbnail": {
                "name": "thumbnail_coll-1.jpg",
                "hash": "thumbnail_coll_1_a126dd2884",
                "ext": ".jpg",
                "mime": "image/jpeg",
                "width": 245,
                "height": 138,
                "size": 11.5,
                "path": null,
                "url": "/uploads/thumbnail_coll_1_a126dd2884.jpg"
              },
              "small": {
                "name": "small_coll-1.jpg",
                "hash": "small_coll_1_a126dd2884",
                "ext": ".jpg",
                "mime": "image/jpeg",
                "width": 500,
                "height": 282,
                "size": 36.32,
                "path": null,
                "url": "/uploads/small_coll_1_a126dd2884.jpg"
              }
            },
            "hash": "coll_1_a126dd2884",
            "ext": ".jpg",
            "mime": "image/jpeg",
            "size": 48.54,
            "url": "/uploads/coll_1_a126dd2884.jpg",
            "previewUrl": null,
            "provider": "local",
            "provider_metadata": null,
            "created_at": "2021-11-02T15:12:50.234Z",
            "updated_at": "2021-11-02T15:12:50.252Z"
          }
        }
      ]
    },
    {
      "id": 2,
      "username": "Mamie Barnett",
      "social": "@mamie_barnett",
      "wallet": "DdzFFzCqrhshMSxb9oW3mRo4MJrQkusV3fGFSTwaiu4wPBqMryA9DYVJCkW9n7twCffG5f5wX2sSkoDXGiZB1HPa7K7f865Kk4LqnrME",
      "followers": 157,
      "bid": {
        "id": 3,
        "value": 0.005,
        "nft": 1,
        "author": 2,
        "published_at": "2021-11-04T14:32:39.420Z",
        "created_at": "2021-11-04T14:32:35.573Z",
        "updated_at": "2021-11-30T15:42:05.039Z"
      },
      "author_sale": {
        "id": 2,
        "sales": 2.8,
        "volume": 14.30478,
        "daily_sales": 35.11,
        "weekly_sales": 239.83,
        "floor_price": 2.9,
        "owners": 2.3,
        "assets": 28.4,
        "author": 2,
        "published_at": "2021-11-04T14:03:40.888Z",
        "created_at": "2021-11-04T14:03:35.299Z",
        "updated_at": "2021-11-04T14:03:40.918Z"
      },
      "about": "Sed ut perspiciatis unde omnis iste natus error sit voluptatem accusantium doloremque laudantium, totam rem aperiam, eaque ipsa quae ab illo inventore veritatis et quasi architecto beatae vitae dicta sunt explicabo. Nemo enim ipsam voluptatem quia voluptas sit aspernatur aut odit aut fugit, sed quia consequuntur magni",
      "published_at": "2021-11-04T13:41:34.589Z",
      "created_at": "2021-11-04T13:41:22.945Z",
      "updated_at": "2021-11-30T15:42:05.058Z",
      "avatar": {
        "id": 20,
        "name": "author-2.jpg",
        "alternativeText": "",
        "caption": "",
        "width": 200,
        "height": 200,
        "formats": {
          "thumbnail": {
            "name": "thumbnail_author-2.jpg",
            "hash": "thumbnail_author_2_c6ff6b745e",
            "ext": ".jpg",
            "mime": "image/jpeg",
            "width": 156,
            "height": 156,
            "size": 3.92,
            "path": null,
            "url": "/uploads/thumbnail_author_2_c6ff6b745e.jpg"
          }
        },
        "hash": "author_2_c6ff6b745e",
        "ext": ".jpg",
        "mime": "image/jpeg",
        "size": 5.1,
        "url": "/uploads/author_2_c6ff6b745e.jpg",
        "previewUrl": null,
        "provider": "local",
        "provider_metadata": null,
        "created_at": "2021-11-02T15:12:45.387Z",
        "updated_at": "2021-11-02T15:12:45.407Z"
      },
      "banner": {
        "id": 82,
        "name": "static-2.jpg",
        "alternativeText": "",
        "caption": "",
        "width": 600,
        "height": 400,
        "formats": {
          "thumbnail": {
            "name": "thumbnail_static-2.jpg",
            "hash": "thumbnail_static_2_c9a727abe8",
            "ext": ".jpg",
            "mime": "image/jpeg",
            "width": 234,
            "height": 156,
            "size": 14.32,
            "path": null,
            "url": "/uploads/thumbnail_static_2_c9a727abe8.jpg"
          },
          "small": {
            "name": "small_static-2.jpg",
            "hash": "small_static_2_c9a727abe8",
            "ext": ".jpg",
            "mime": "image/jpeg",
            "width": 500,
            "height": 333,
            "size": 50.19,
            "path": null,
            "url": "/uploads/small_static_2_c9a727abe8.jpg"
          }
        },
        "hash": "static_2_c9a727abe8",
        "ext": ".jpg",
        "mime": "image/jpeg",
        "size": 64.72,
        "url": "/uploads/static_2_c9a727abe8.jpg",
        "previewUrl": null,
        "provider": "local",
        "provider_metadata": null,
        "created_at": "2021-11-02T15:13:02.475Z",
        "updated_at": "2021-11-02T15:13:02.490Z"
      },
      "nfts": [
        {
          "id": 2,
          "unique_id": null,
          "category": "virtual_world",
          "status": "buy_now",
          "item_type": "single_items",
          "collections": "cartoonism",
          "deadline": null,
          "author_link": "/Author",
          "nft_link": "/ItemDetail",
          "bid_link": "/ItemDetail",
          "title": "Deep Sea Phantasy",
          "price": 0.06,
          "bid": 1,
          "max_bid": 22,
          "likes": 80,
          "description": "Sed ut perspiciatis unde omnis iste natus error sit voluptatem accusantium doloremque laudantium, totam rem aperiam, eaque ipsa quae ab illo inventore veritatis et quasi architecto beatae vitae dicta sunt explicabo.",
          "views": 255,
          "priceover": null,
          "author": 2,
          "showcase": null,
          "published_at": "2021-11-04T16:15:29.613Z",
          "created_at": "2021-11-04T16:15:06.574Z",
          "updated_at": "2021-11-30T15:42:05.002Z",
          "preview_image": {
            "id": 82,
            "name": "static-2.jpg",
            "alternativeText": "",
            "caption": "",
            "width": 600,
            "height": 400,
            "formats": {
              "thumbnail": {
                "name": "thumbnail_static-2.jpg",
                "hash": "thumbnail_static_2_c9a727abe8",
                "ext": ".jpg",
                "mime": "image/jpeg",
                "width": 234,
                "height": 156,
                "size": 14.32,
                "path": null,
                "url": "/uploads/thumbnail_static_2_c9a727abe8.jpg"
              },
              "small": {
                "name": "small_static-2.jpg",
                "hash": "small_static_2_c9a727abe8",
                "ext": ".jpg",
                "mime": "image/jpeg",
                "width": 500,
                "height": 333,
                "size": 50.19,
                "path": null,
                "url": "/uploads/small_static_2_c9a727abe8.jpg"
              }
            },
            "hash": "static_2_c9a727abe8",
            "ext": ".jpg",
            "mime": "image/jpeg",
            "size": 64.72,
            "url": "/uploads/static_2_c9a727abe8.jpg",
            "previewUrl": null,
            "provider": "local",
            "provider_metadata": null,
            "created_at": "2021-11-02T15:13:02.475Z",
            "updated_at": "2021-11-02T15:13:02.490Z"
          }
        }
      ],
      "hot_collections": [
        {
          "id": 2,
          "unique_id": "ERC-61",
          "author": 2,
          "name": "Patternlicious",
          "published_at": "2021-11-06T20:46:56.348Z",
          "created_at": "2021-11-06T20:40:48.929Z",
          "updated_at": "2021-11-30T15:42:05.000Z",
          "banner": {
            "id": 38,
            "name": "coll-2.jpg",
            "alternativeText": "",
            "caption": "",
            "width": 600,
            "height": 338,
            "formats": {
              "thumbnail": {
                "name": "thumbnail_coll-2.jpg",
                "hash": "thumbnail_coll_2_bfc2467cc8",
                "ext": ".jpg",
                "mime": "image/jpeg",
                "width": 245,
                "height": 138,
                "size": 6.91,
                "path": null,
                "url": "/uploads/thumbnail_coll_2_bfc2467cc8.jpg"
              },
              "small": {
                "name": "small_coll-2.jpg",
                "hash": "small_coll_2_bfc2467cc8",
                "ext": ".jpg",
                "mime": "image/jpeg",
                "width": 500,
                "height": 282,
                "size": 16.76,
                "path": null,
                "url": "/uploads/small_coll_2_bfc2467cc8.jpg"
              }
            },
            "hash": "coll_2_bfc2467cc8",
            "ext": ".jpg",
            "mime": "image/jpeg",
            "size": 20.56,
            "url": "/uploads/coll_2_bfc2467cc8.jpg",
            "previewUrl": null,
            "provider": "local",
            "provider_metadata": null,
            "created_at": "2021-11-02T15:12:50.061Z",
            "updated_at": "2021-11-02T15:12:50.118Z"
          }
        }
      ]
    },
    {
      "id": 3,
      "username": "Nicholas Daniels",
      "social": "@nicholas_daniels",
      "wallet": "DdzFFzCqrhshMSxb9oW3mRo4MJrQkusV3fGFSTwaiu4wPBqMryA9DYVJCkW9n7twCffG5f5wX2sSkoDXGiZB1HPa7K7f865Kk4LqnrME",
      "followers": 291,
      "bid": {
        "id": 2,
        "value": 0.004,
        "nft": 1,
        "author": 3,
        "published_at": "2021-11-04T14:32:12.128Z",
        "created_at": "2021-11-04T14:29:58.125Z",
        "updated_at": "2021-11-30T15:42:16.463Z"
      },
      "author_sale": {
        "id": 3,
        "sales": 2.5,
        "volume": 13.22587,
        "daily_sales": -33.56,
        "weekly_sales": 307.97,
        "floor_price": 4.5,
        "owners": 2.2,
        "assets": 58.5,
        "author": 3,
        "published_at": "2021-11-04T14:04:58.600Z",
        "created_at": "2021-11-04T14:04:55.484Z",
        "updated_at": "2021-11-06T19:36:21.190Z"
      },
      "about": "Sed ut perspiciatis unde omnis iste natus error sit voluptatem accusantium doloremque laudantium, totam rem aperiam, eaque ipsa quae ab illo inventore veritatis et quasi architecto beatae vitae dicta sunt explicabo. Nemo enim ipsam voluptatem quia voluptas sit aspernatur aut odit aut fugit, sed quia consequuntur magni",
      "published_at": "2021-11-04T13:50:28.703Z",
      "created_at": "2021-11-04T13:50:26.184Z",
      "updated_at": "2021-11-30T15:42:16.497Z",
      "avatar": {
        "id": 21,
        "name": "author-3.jpg",
        "alternativeText": "",
        "caption": "",
        "width": 200,
        "height": 200,
        "formats": {
          "thumbnail": {
            "name": "thumbnail_author-3.jpg",
            "hash": "thumbnail_author_3_1769046ae5",
            "ext": ".jpg",
            "mime": "image/jpeg",
            "width": 156,
            "height": 156,
            "size": 2.72,
            "path": null,
            "url": "/uploads/thumbnail_author_3_1769046ae5.jpg"
          }
        },
        "hash": "author_3_1769046ae5",
        "ext": ".jpg",
        "mime": "image/jpeg",
        "size": 3.42,
        "url": "/uploads/author_3_1769046ae5.jpg",
        "previewUrl": null,
        "provider": "local",
        "provider_metadata": null,
        "created_at": "2021-11-02T15:12:45.680Z",
        "updated_at": "2021-11-02T15:12:45.700Z"
      },
      "banner": {
        "id": 80,
        "name": "static-3.jpg",
        "alternativeText": "",
        "caption": "",
        "width": 390,
        "height": 450,
        "formats": {
          "thumbnail": {
            "name": "thumbnail_static-3.jpg",
            "hash": "thumbnail_static_3_fffde34782",
            "ext": ".jpg",
            "mime": "image/jpeg",
            "width": 135,
            "height": 156,
            "size": 6.71,
            "path": null,
            "url": "/uploads/thumbnail_static_3_fffde34782.jpg"
          }
        },
        "hash": "static_3_fffde34782",
        "ext": ".jpg",
        "mime": "image/jpeg",
        "size": 31.88,
        "url": "/uploads/static_3_fffde34782.jpg",
        "previewUrl": null,
        "provider": "local",
        "provider_metadata": null,
        "created_at": "2021-11-02T15:13:02.113Z",
        "updated_at": "2021-11-02T15:13:02.194Z"
      },
      "nfts": [
        {
          "id": 6,
          "unique_id": null,
          "category": "music",
          "status": "on_auction",
          "item_type": "single_items",
          "collections": "abstraction",
          "deadline": "2022-01-15",
          "author_link": "/Author",
          "nft_link": "/ItemDetail",
          "bid_link": "/ItemDetail",
          "title": "Running Puppets",
          "price": 0.08,
          "bid": 1,
          "max_bid": 20,
          "likes": 50,
          "description": "Sed ut perspiciatis unde omnis iste natus error sit voluptatem accusantium doloremque laudantium, totam rem aperiam, eaque ipsa quae ab illo inventore veritatis et quasi architecto beatae vitae dicta sunt explicabo.",
          "views": 100,
          "priceover": null,
          "author": 3,
          "showcase": null,
          "published_at": "2021-11-04T16:26:30.429Z",
          "created_at": "2021-11-04T16:26:28.153Z",
          "updated_at": "2021-11-30T15:42:16.397Z",
          "preview_image": {
            "id": 8,
            "name": "anim-2.webp",
            "alternativeText": "",
            "caption": "",
            "width": 258,
            "height": 200,
            "formats": {
              "thumbnail": {
                "name": "thumbnail_anim-2.webp",
                "hash": "thumbnail_anim_2_fdd2e0f4d1",
                "ext": ".webp",
                "mime": "image/webp",
                "width": 201,
                "height": 156,
                "size": 4.87,
                "path": null,
                "url": "/uploads/thumbnail_anim_2_fdd2e0f4d1.webp"
              }
            },
            "hash": "anim_2_fdd2e0f4d1",
            "ext": ".webp",
            "mime": "image/webp",
            "size": 116.38,
            "url": "/uploads/anim_2_fdd2e0f4d1.webp",
            "previewUrl": null,
            "provider": "local",
            "provider_metadata": null,
            "created_at": "2021-11-02T15:12:42.424Z",
            "updated_at": "2021-11-06T04:16:43.696Z"
          }
        },
        {
          "id": 7,
          "unique_id": null,
          "category": "art",
          "status": "has_offers",
          "item_type": "single_items",
          "collections": "abstraction",
          "deadline": null,
          "author_link": "/Author",
          "nft_link": "/ItemDetail",
          "bid_link": "/ItemDetail",
          "title": "USA Wordmation",
          "price": 0.08,
          "bid": 1,
          "max_bid": 20,
          "likes": 50,
          "description": "Sed ut perspiciatis unde omnis iste natus error sit voluptatem accusantium doloremque laudantium, totam rem aperiam, eaque ipsa quae ab illo inventore veritatis et quasi architecto beatae vitae dicta sunt explicabo.",
          "views": 100,
          "priceover": 0.04,
          "author": 3,
          "showcase": null,
          "published_at": "2021-11-04T16:58:10.360Z",
          "created_at": "2021-11-04T16:57:59.507Z",
          "updated_at": "2021-11-30T15:42:16.397Z",
          "preview_image": {
            "id": 7,
            "name": "anim-1.webp",
            "alternativeText": "",
            "caption": "",
            "width": 200,
            "height": 200,
            "formats": {
              "thumbnail": {
                "name": "thumbnail_anim-1.webp",
                "hash": "thumbnail_anim_1_2db0091b86",
                "ext": ".webp",
                "mime": "image/webp",
                "width": 156,
                "height": 156,
                "size": 2.39,
                "path": null,
                "url": "/uploads/thumbnail_anim_1_2db0091b86.webp"
              }
            },
            "hash": "anim_1_2db0091b86",
            "ext": ".webp",
            "mime": "image/webp",
            "size": 89.64,
            "url": "/uploads/anim_1_2db0091b86.webp",
            "previewUrl": null,
            "provider": "local",
            "provider_metadata": null,
            "created_at": "2021-11-02T15:12:42.271Z",
            "updated_at": "2021-11-06T15:03:04.381Z"
          }
        },
        {
          "id": 15,
          "unique_id": null,
          "category": "art",
          "status": "buy_now",
          "item_type": "single_items",
          "collections": "abstraction",
          "deadline": null,
          "author_link": "/Author",
          "nft_link": "/ItemDetail",
          "bid_link": "/ItemDetail",
          "title": "Live Arts",
          "price": 3.99,
          "bid": null,
          "max_bid": null,
          "likes": 286,
          "description": "Sed ut perspiciatis unde omnis iste natus error sit voluptatem accusantium doloremque laudantium, totam rem aperiam, eaque ipsa quae ab illo inventore veritatis et quasi architecto beatae vitae dicta sunt explicabo.",
          "views": 1000,
          "priceover": null,
          "author": 3,
          "showcase": true,
          "published_at": "2021-11-06T20:57:07.008Z",
          "created_at": "2021-11-06T20:56:58.958Z",
          "updated_at": "2021-11-30T15:42:16.397Z",
          "preview_image": {
            "id": 57,
            "name": "crs-5.jpg",
            "alternativeText": "",
            "caption": "",
            "width": 1000,
            "height": 1000,
            "formats": {
              "thumbnail": {
                "name": "thumbnail_crs-5.jpg",
                "hash": "thumbnail_crs_5_86f0d779bb",
                "ext": ".jpg",
                "mime": "image/jpeg",
                "width": 156,
                "height": 156,
                "size": 4.99,
                "path": null,
                "url": "/uploads/thumbnail_crs_5_86f0d779bb.jpg"
              },
              "medium": {
                "name": "medium_crs-5.jpg",
                "hash": "medium_crs_5_86f0d779bb",
                "ext": ".jpg",
                "mime": "image/jpeg",
                "width": 750,
                "height": 750,
                "size": 84.59,
                "path": null,
                "url": "/uploads/medium_crs_5_86f0d779bb.jpg"
              },
              "small": {
                "name": "small_crs-5.jpg",
                "hash": "small_crs_5_86f0d779bb",
                "ext": ".jpg",
                "mime": "image/jpeg",
                "width": 500,
                "height": 500,
                "size": 38.71,
                "path": null,
                "url": "/uploads/small_crs_5_86f0d779bb.jpg"
              }
            },
            "hash": "crs_5_86f0d779bb",
            "ext": ".jpg",
            "mime": "image/jpeg",
            "size": 145.04,
            "url": "/uploads/crs_5_86f0d779bb.jpg",
            "previewUrl": null,
            "provider": "local",
            "provider_metadata": null,
            "created_at": "2021-11-02T15:12:54.502Z",
            "updated_at": "2021-11-02T15:12:54.538Z"
          }
        },
        {
          "id": 17,
          "unique_id": null,
          "category": "art",
          "status": "buy_now",
          "item_type": "single_items",
          "collections": "abstraction",
          "deadline": null,
          "author_link": "/Author",
          "nft_link": "/ItemDetail",
          "bid_link": "/ItemDetail",
          "title": "Hot Lava",
          "price": 0.07,
          "bid": null,
          "max_bid": null,
          "likes": 700,
          "description": "Sed ut perspiciatis unde omnis iste natus error sit voluptatem accusantium doloremque laudantium, totam rem aperiam, eaque ipsa quae ab illo inventore veritatis et quasi architecto beatae vitae dicta sunt explicabo.",
          "views": 700,
          "priceover": null,
          "author": 3,
          "showcase": true,
          "published_at": "2021-11-06T21:00:10.701Z",
          "created_at": "2021-11-06T21:00:01.010Z",
          "updated_at": "2021-11-30T15:42:16.397Z",
          "preview_image": {
            "id": 54,
            "name": "crs-3.jpg",
            "alternativeText": "",
            "caption": "",
            "width": 1000,
            "height": 1000,
            "formats": {
              "thumbnail": {
                "name": "thumbnail_crs-3.jpg",
                "hash": "thumbnail_crs_3_4b09f7083d",
                "ext": ".jpg",
                "mime": "image/jpeg",
                "width": 156,
                "height": 156,
                "size": 5.24,
                "path": null,
                "url": "/uploads/thumbnail_crs_3_4b09f7083d.jpg"
              },
              "medium": {
                "name": "medium_crs-3.jpg",
                "hash": "medium_crs_3_4b09f7083d",
                "ext": ".jpg",
                "mime": "image/jpeg",
                "width": 750,
                "height": 750,
                "size": 93.61,
                "path": null,
                "url": "/uploads/medium_crs_3_4b09f7083d.jpg"
              },
              "small": {
                "name": "small_crs-3.jpg",
                "hash": "small_crs_3_4b09f7083d",
                "ext": ".jpg",
                "mime": "image/jpeg",
                "width": 500,
                "height": 500,
                "size": 45.04,
                "path": null,
                "url": "/uploads/small_crs_3_4b09f7083d.jpg"
              }
            },
            "hash": "crs_3_4b09f7083d",
            "ext": ".jpg",
            "mime": "image/jpeg",
            "size": 157.13,
            "url": "/uploads/crs_3_4b09f7083d.jpg",
            "previewUrl": null,
            "provider": "local",
            "provider_metadata": null,
            "created_at": "2021-11-02T15:12:53.371Z",
            "updated_at": "2021-11-02T15:12:53.392Z"
          }
        }
      ],
      "hot_collections": [
        {
          "id": 3,
          "unique_id": "ERC-126",
          "author": 3,
          "name": "Skecthify",
          "published_at": "2021-11-06T20:46:47.454Z",
          "created_at": "2021-11-06T20:43:12.757Z",
          "updated_at": "2021-11-30T15:42:16.396Z",
          "banner": {
            "id": 105,
            "name": "coll-3.jpg",
            "alternativeText": "",
            "caption": "",
            "width": 600,
            "height": 338,
            "formats": {
              "thumbnail": {
                "name": "thumbnail_coll-3.jpg",
                "hash": "thumbnail_coll_3_e286085ffd",
                "ext": ".jpg",
                "mime": "image/jpeg",
                "width": 245,
                "height": 138,
                "size": 11.52,
                "path": null,
                "url": "/uploads/thumbnail_coll_3_e286085ffd.jpg"
              }
            },
            "hash": "coll_3_e286085ffd",
            "ext": ".jpg",
            "mime": "image/jpeg",
            "size": 77.26,
            "url": "/uploads/coll_3_e286085ffd.jpg",
            "previewUrl": null,
            "provider": "local",
            "provider_metadata": null,
            "created_at": "2021-11-06T20:43:09.793Z",
            "updated_at": "2021-11-06T20:43:09.817Z"
          }
        }
      ]
    },
    {
      "id": 4,
      "username": "Lori Hart",
      "social": "@lori_hart",
      "wallet": "DdzFFzCqrhshMSxb9oW3mRo4MJrQkusV3fGFSTwaiu4wPBqMryA9DYVJCkW9n7twCffG5f5wX2sSkoDXGiZB1HPa7K7f865Kk4LqnrME",
      "followers": 322,
      "bid": {
        "id": 1,
        "value": 0.003,
        "nft": 1,
        "author": 4,
        "published_at": "2021-11-04T13:41:39.517Z",
        "created_at": "2021-11-04T13:37:07.867Z",
        "updated_at": "2021-11-30T15:41:59.471Z"
      },
      "author_sale": {
        "id": 4,
        "sales": 2.2,
        "volume": 15.22587,
        "daily_sales": 35.11,
        "weekly_sales": 239.83,
        "floor_price": 2.9,
        "owners": 2.3,
        "assets": 28.4,
        "author": 4,
        "published_at": "2021-11-04T14:18:38.346Z",
        "created_at": "2021-11-04T14:08:51.258Z",
        "updated_at": "2021-11-04T14:18:38.383Z"
      },
      "about": "Sed ut perspiciatis unde omnis iste natus error sit voluptatem accusantium doloremque laudantium, totam rem aperiam, eaque ipsa quae ab illo inventore veritatis et quasi architecto beatae vitae dicta sunt explicabo. Nemo enim ipsam voluptatem quia voluptas sit aspernatur aut odit aut fugit, sed quia consequuntur magni",
      "published_at": "2021-11-04T13:51:31.671Z",
      "created_at": "2021-11-04T13:51:29.459Z",
      "updated_at": "2021-11-30T15:41:59.490Z",
      "avatar": {
        "id": 22,
        "name": "author-4.jpg",
        "alternativeText": "",
        "caption": "",
        "width": 200,
        "height": 200,
        "formats": {
          "thumbnail": {
            "name": "thumbnail_author-4.jpg",
            "hash": "thumbnail_author_4_623046d09c",
            "ext": ".jpg",
            "mime": "image/jpeg",
            "width": 156,
            "height": 156,
            "size": 3.92,
            "path": null,
            "url": "/uploads/thumbnail_author_4_623046d09c.jpg"
          }
        },
        "hash": "author_4_623046d09c",
        "ext": ".jpg",
        "mime": "image/jpeg",
        "size": 5.12,
        "url": "/uploads/author_4_623046d09c.jpg",
        "previewUrl": null,
        "provider": "local",
        "provider_metadata": null,
        "created_at": "2021-11-02T15:12:45.797Z",
        "updated_at": "2021-11-02T15:12:45.825Z"
      },
      "banner": {
        "id": 81,
        "name": "static-4.jpg",
        "alternativeText": "",
        "caption": "",
        "width": 500,
        "height": 500,
        "formats": {
          "thumbnail": {
            "name": "thumbnail_static-4.jpg",
            "hash": "thumbnail_static_4_ccd42beea6",
            "ext": ".jpg",
            "mime": "image/jpeg",
            "width": 156,
            "height": 156,
            "size": 6.77,
            "path": null,
            "url": "/uploads/thumbnail_static_4_ccd42beea6.jpg"
          }
        },
        "hash": "static_4_ccd42beea6",
        "ext": ".jpg",
        "mime": "image/jpeg",
        "size": 57.88,
        "url": "/uploads/static_4_ccd42beea6.jpg",
        "previewUrl": null,
        "provider": "local",
        "provider_metadata": null,
        "created_at": "2021-11-02T15:13:02.313Z",
        "updated_at": "2021-11-02T15:13:02.335Z"
      },
      "nfts": [
        {
          "id": 8,
          "unique_id": null,
          "category": "music",
          "status": "buy_now",
          "item_type": "bundles",
          "collections": "cartoonism",
          "deadline": null,
          "author_link": "/Author",
          "nft_link": "/ItemDetail",
          "bid_link": "/ItemDetail",
          "title": "Loop Donut",
          "price": 0.08,
          "bid": 1,
          "max_bid": 20,
          "likes": 50,
          "description": "Sed ut perspiciatis unde omnis iste natus error sit voluptatem accusantium doloremque laudantium, totam rem aperiam, eaque ipsa quae ab illo inventore veritatis et quasi architecto beatae vitae dicta sunt explicabo.",
          "views": 100,
          "priceover": null,
          "author": 4,
          "showcase": true,
          "published_at": "2021-11-04T18:58:59.456Z",
          "created_at": "2021-11-04T18:58:56.792Z",
          "updated_at": "2021-11-30T15:41:59.445Z",
          "preview_image": {
            "id": 13,
            "name": "anim-5.webp",
            "alternativeText": "",
            "caption": "",
            "width": 200,
            "height": 200,
            "formats": {
              "thumbnail": {
                "name": "thumbnail_anim-5.webp",
                "hash": "thumbnail_anim_5_ec9190202f",
                "ext": ".webp",
                "mime": "image/webp",
                "width": 156,
                "height": 156,
                "size": 7.38,
                "path": null,
                "url": "/uploads/thumbnail_anim_5_ec9190202f.webp"
              }
            },
            "hash": "anim_5_ec9190202f",
            "ext": ".webp",
            "mime": "image/webp",
            "size": 358.51,
            "url": "/uploads/anim_5_ec9190202f.webp",
            "previewUrl": null,
            "provider": "local",
            "provider_metadata": null,
            "created_at": "2021-11-02T15:12:43.552Z",
            "updated_at": "2021-11-06T15:03:26.853Z"
          }
        }
      ],
      "hot_collections": [
        {
          "id": 4,
          "unique_id": "ERC-73",
          "author": 4,
          "name": "Cartoonism",
          "published_at": "2021-11-06T20:46:59.797Z",
          "created_at": "2021-11-06T20:43:50.379Z",
          "updated_at": "2021-11-30T15:41:59.445Z",
          "banner": {
            "id": 43,
            "name": "coll-4.jpg",
            "alternativeText": "",
            "caption": "",
            "width": 600,
            "height": 338,
            "formats": {
              "thumbnail": {
                "name": "thumbnail_coll-4.jpg",
                "hash": "thumbnail_coll_4_69f3883518",
                "ext": ".jpg",
                "mime": "image/jpeg",
                "width": 245,
                "height": 138,
                "size": 8.87,
                "path": null,
                "url": "/uploads/thumbnail_coll_4_69f3883518.jpg"
              },
              "small": {
                "name": "small_coll-4.jpg",
                "hash": "small_coll_4_69f3883518",
                "ext": ".jpg",
                "mime": "image/jpeg",
                "width": 500,
                "height": 282,
                "size": 24.51,
                "path": null,
                "url": "/uploads/small_coll_4_69f3883518.jpg"
              }
            },
            "hash": "coll_4_69f3883518",
            "ext": ".jpg",
            "mime": "image/jpeg",
            "size": 30.92,
            "url": "/uploads/coll_4_69f3883518.jpg",
            "previewUrl": null,
            "provider": "local",
            "provider_metadata": null,
            "created_at": "2021-11-02T15:12:50.996Z",
            "updated_at": "2021-11-02T15:12:51.059Z"
          }
        }
      ]
    },
    {
      "id": 5,
      "username": "Jimmy Wright",
      "social": "@jimmy_wright",
      "wallet": "DdzFFzCqrhshMSxb9oW3mRo4MJrQkusV3fGFSTwaiu4wPBqMryA9DYVJCkW9n7twCffG5f5wX2sSkoDXGiZB1HPa7K7f865Kk4LqnrME",
      "followers": 402,
      "bid": {
        "id": 5,
        "value": 0.006,
        "nft": 1,
        "author": 5,
        "published_at": "2021-11-04T14:33:48.844Z",
        "created_at": "2021-11-04T14:33:44.314Z",
        "updated_at": "2021-11-30T15:41:50.373Z"
      },
      "author_sale": {
        "id": 5,
        "sales": 1.9,
        "volume": 15.22587,
        "daily_sales": 35.11,
        "weekly_sales": 239.83,
        "floor_price": 2.9,
        "owners": 2.3,
        "assets": 28.4,
        "author": 5,
        "published_at": "2021-11-04T14:19:04.816Z",
        "created_at": "2021-11-04T14:13:06.275Z",
        "updated_at": "2021-11-04T14:19:04.851Z"
      },
      "about": "Sed ut perspiciatis unde omnis iste natus error sit voluptatem accusantium doloremque laudantium, totam rem aperiam, eaque ipsa quae ab illo inventore veritatis et quasi architecto beatae vitae dicta sunt explicabo. Nemo enim ipsam voluptatem quia voluptas sit aspernatur aut odit aut fugit, sed quia consequuntur magni",
      "published_at": "2021-11-04T13:53:12.990Z",
      "created_at": "2021-11-04T13:53:10.647Z",
      "updated_at": "2021-11-30T15:41:50.391Z",
      "avatar": {
        "id": 23,
        "name": "author-5.jpg",
        "alternativeText": "",
        "caption": "",
        "width": 200,
        "height": 200,
        "formats": {
          "thumbnail": {
            "name": "thumbnail_author-5.jpg",
            "hash": "thumbnail_author_5_a558aecf04",
            "ext": ".jpg",
            "mime": "image/jpeg",
            "width": 156,
            "height": 156,
            "size": 4.73,
            "path": null,
            "url": "/uploads/thumbnail_author_5_a558aecf04.jpg"
          }
        },
        "hash": "author_5_a558aecf04",
        "ext": ".jpg",
        "mime": "image/jpeg",
        "size": 6.32,
        "url": "/uploads/author_5_a558aecf04.jpg",
        "previewUrl": null,
        "provider": "local",
        "provider_metadata": null,
        "created_at": "2021-11-02T15:12:45.936Z",
        "updated_at": "2021-11-02T15:12:45.962Z"
      },
      "banner": {
        "id": 83,
        "name": "static-5.jpg",
        "alternativeText": "",
        "caption": "",
        "width": 600,
        "height": 279,
        "formats": {
          "thumbnail": {
            "name": "thumbnail_static-5.jpg",
            "hash": "thumbnail_static_5_82c702df64",
            "ext": ".jpg",
            "mime": "image/jpeg",
            "width": 245,
            "height": 114,
            "size": 6.36,
            "path": null,
            "url": "/uploads/thumbnail_static_5_82c702df64.jpg"
          },
          "small": {
            "name": "small_static-5.jpg",
            "hash": "small_static_5_82c702df64",
            "ext": ".jpg",
            "mime": "image/jpeg",
            "width": 500,
            "height": 233,
            "size": 18.3,
            "path": null,
            "url": "/uploads/small_static_5_82c702df64.jpg"
          }
        },
        "hash": "static_5_82c702df64",
        "ext": ".jpg",
        "mime": "image/jpeg",
        "size": 22.84,
        "url": "/uploads/static_5_82c702df64.jpg",
        "previewUrl": null,
        "provider": "local",
        "provider_metadata": null,
        "created_at": "2021-11-02T15:13:02.613Z",
        "updated_at": "2021-11-02T15:13:02.634Z"
      },
      "nfts": [
        {
          "id": 9,
          "unique_id": null,
          "category": "art",
          "status": "on_auction",
          "item_type": "single_items",
          "collections": "abstraction",
          "deadline": "2022-01-03",
          "author_link": "/Author",
          "nft_link": "/ItemDetail",
          "bid_link": "/ItemDetail",
          "title": "Lady Copter",
          "price": 0.08,
          "bid": 1,
          "max_bid": 20,
          "likes": 50,
          "description": "Sed ut perspiciatis unde omnis iste natus error sit voluptatem accusantium doloremque laudantium, totam rem aperiam, eaque ipsa quae ab illo inventore veritatis et quasi architecto beatae vitae dicta sunt explicabo.",
          "views": 100,
          "priceover": null,
          "author": 5,
          "showcase": null,
          "published_at": "2021-11-04T19:00:09.285Z",
          "created_at": "2021-11-04T19:00:06.617Z",
          "updated_at": "2021-11-30T15:41:50.332Z",
          "preview_image": {
            "id": 9,
            "name": "anim-3.webp",
            "alternativeText": "",
            "caption": "",
            "width": 419,
            "height": 500,
            "formats": {
              "thumbnail": {
                "name": "thumbnail_anim-3.webp",
                "hash": "thumbnail_anim_3_8b6ded67ad",
                "ext": ".webp",
                "mime": "image/webp",
                "width": 131,
                "height": 156,
                "size": 1.78,
                "path": null,
                "url": "/uploads/thumbnail_anim_3_8b6ded67ad.webp"
              }
            },
            "hash": "anim_3_8b6ded67ad",
            "ext": ".webp",
            "mime": "image/webp",
            "size": 51.93,
            "url": "/uploads/anim_3_8b6ded67ad.webp",
            "previewUrl": null,
            "provider": "local",
            "provider_metadata": null,
            "created_at": "2021-11-02T15:12:42.606Z",
            "updated_at": "2021-11-06T15:03:44.478Z"
          }
        }
      ],
      "hot_collections": [
        {
          "id": 5,
          "unique_id": "ERC-85",
          "author": 5,
          "name": "Virtuland",
          "published_at": "2021-11-06T20:47:03.070Z",
          "created_at": "2021-11-06T20:44:32.728Z",
          "updated_at": "2021-11-30T15:41:50.332Z",
          "banner": {
            "id": 46,
            "name": "coll-5.jpg",
            "alternativeText": "",
            "caption": "",
            "width": 600,
            "height": 338,
            "formats": {
              "thumbnail": {
                "name": "thumbnail_coll-5.jpg",
                "hash": "thumbnail_coll_5_61977a4c99",
                "ext": ".jpg",
                "mime": "image/jpeg",
                "width": 245,
                "height": 138,
                "size": 5.64,
                "path": null,
                "url": "/uploads/thumbnail_coll_5_61977a4c99.jpg"
              },
              "small": {
                "name": "small_coll-5.jpg",
                "hash": "small_coll_5_61977a4c99",
                "ext": ".jpg",
                "mime": "image/jpeg",
                "width": 500,
                "height": 282,
                "size": 13.05,
                "path": null,
                "url": "/uploads/small_coll_5_61977a4c99.jpg"
              }
            },
            "hash": "coll_5_61977a4c99",
            "ext": ".jpg",
            "mime": "image/jpeg",
            "size": 15.42,
            "url": "/uploads/coll_5_61977a4c99.jpg",
            "previewUrl": null,
            "provider": "local",
            "provider_metadata": null,
            "created_at": "2021-11-02T15:12:51.517Z",
            "updated_at": "2021-11-02T15:12:51.536Z"
          }
        }
      ]
    },
    {
      "id": 6,
      "username": "Karla Sharp",
      "social": "@karla_sharp",
      "wallet": "DdzFFzCqrhshMSxb9oW3mRo4MJrQkusV3fGFSTwaiu4wPBqMryA9DYVJCkW9n7twCffG5f5wX2sSkoDXGiZB1HPa7K7f865Kk4LqnrME",
      "followers": 444,
      "bid": null,
      "author_sale": {
        "id": 6,
        "sales": 1.6,
        "volume": 35.11,
        "daily_sales": 35.11,
        "weekly_sales": -29.82,
        "floor_price": 2.9,
        "owners": 2.3,
        "assets": 28.4,
        "author": 6,
        "published_at": "2021-11-04T14:19:08.173Z",
        "created_at": "2021-11-04T14:14:00.649Z",
        "updated_at": "2021-11-04T14:19:08.211Z"
      },
      "about": "Sed ut perspiciatis unde omnis iste natus error sit voluptatem accusantium doloremque laudantium, totam rem aperiam, eaque ipsa quae ab illo inventore veritatis et quasi architecto beatae vitae dicta sunt explicabo. Nemo enim ipsam voluptatem quia voluptas sit aspernatur aut odit aut fugit, sed quia consequuntur magni",
      "published_at": "2021-11-04T13:54:06.553Z",
      "created_at": "2021-11-04T13:54:03.485Z",
      "updated_at": "2021-11-30T15:41:54.355Z",
      "avatar": {
        "id": 24,
        "name": "author-6.jpg",
        "alternativeText": "",
        "caption": "",
        "width": 200,
        "height": 200,
        "formats": {
          "thumbnail": {
            "name": "thumbnail_author-6.jpg",
            "hash": "thumbnail_author_6_f8c8033ffc",
            "ext": ".jpg",
            "mime": "image/jpeg",
            "width": 156,
            "height": 156,
            "size": 2.98,
            "path": null,
            "url": "/uploads/thumbnail_author_6_f8c8033ffc.jpg"
          }
        },
        "hash": "author_6_f8c8033ffc",
        "ext": ".jpg",
        "mime": "image/jpeg",
        "size": 3.67,
        "url": "/uploads/author_6_f8c8033ffc.jpg",
        "previewUrl": null,
        "provider": "local",
        "provider_metadata": null,
        "created_at": "2021-11-02T15:12:46.121Z",
        "updated_at": "2021-11-02T15:12:46.151Z"
      },
      "banner": {
        "id": 84,
        "name": "static-6.jpg",
        "alternativeText": "",
        "caption": "",
        "width": 600,
        "height": 472,
        "formats": {
          "thumbnail": {
            "name": "thumbnail_static-6.jpg",
            "hash": "thumbnail_static_6_3b7902d4b7",
            "ext": ".jpg",
            "mime": "image/jpeg",
            "width": 198,
            "height": 156,
            "size": 5.68,
            "path": null,
            "url": "/uploads/thumbnail_static_6_3b7902d4b7.jpg"
          },
          "small": {
            "name": "small_static-6.jpg",
            "hash": "small_static_6_3b7902d4b7",
            "ext": ".jpg",
            "mime": "image/jpeg",
            "width": 500,
            "height": 393,
            "size": 19.22,
            "path": null,
            "url": "/uploads/small_static_6_3b7902d4b7.jpg"
          }
        },
        "hash": "static_6_3b7902d4b7",
        "ext": ".jpg",
        "mime": "image/jpeg",
        "size": 20.26,
        "url": "/uploads/static_6_3b7902d4b7.jpg",
        "previewUrl": null,
        "provider": "local",
        "provider_metadata": null,
        "created_at": "2021-11-02T15:13:02.728Z",
        "updated_at": "2021-11-02T15:13:02.749Z"
      },
      "nfts": [
        {
          "id": 11,
          "unique_id": null,
          "category": "art",
          "status": "buy_now",
          "item_type": "single_items",
          "collections": "abstraction",
          "deadline": null,
          "author_link": "/Author",
          "nft_link": "/ItemDetail",
          "bid_link": "/ItemDetail",
          "title": "Oh Yeah!",
          "price": 0.05,
          "bid": 1,
          "max_bid": 20,
          "likes": 89,
          "description": "Sed ut perspiciatis unde omnis iste natus error sit voluptatem accusantium doloremque laudantium, totam rem aperiam, eaque ipsa quae ab illo inventore veritatis et quasi architecto beatae vitae dicta sunt explicabo.",
          "views": 100,
          "priceover": null,
          "author": 6,
          "showcase": null,
          "published_at": "2021-11-04T19:02:36.770Z",
          "created_at": "2021-11-04T19:02:33.927Z",
          "updated_at": "2021-11-30T15:41:54.322Z",
          "preview_image": {
            "id": 14,
            "name": "anim-6.webp",
            "alternativeText": "",
            "caption": "",
            "width": 200,
            "height": 200,
            "formats": {
              "thumbnail": {
                "name": "thumbnail_anim-6.webp",
                "hash": "thumbnail_anim_6_afe5709e78",
                "ext": ".webp",
                "mime": "image/webp",
                "width": 156,
                "height": 156,
                "size": 3.09,
                "path": null,
                "url": "/uploads/thumbnail_anim_6_afe5709e78.webp"
              }
            },
            "hash": "anim_6_afe5709e78",
            "ext": ".webp",
            "mime": "image/webp",
            "size": 281.81,
            "url": "/uploads/anim_6_afe5709e78.webp",
            "previewUrl": null,
            "provider": "local",
            "provider_metadata": null,
            "created_at": "2021-11-02T15:12:43.692Z",
            "updated_at": "2021-11-06T15:04:11.028Z"
          }
        }
      ],
      "hot_collections": [
        {
          "id": 6,
          "unique_id": "ERC-42",
          "author": 6,
          "name": "Papercut",
          "published_at": "2021-11-06T20:46:53.318Z",
          "created_at": "2021-11-06T20:44:56.183Z",
          "updated_at": "2021-11-30T15:41:54.322Z",
          "banner": {
            "id": 48,
            "name": "coll-6.jpg",
            "alternativeText": "",
            "caption": "",
            "width": 600,
            "height": 338,
            "formats": {
              "thumbnail": {
                "name": "thumbnail_coll-6.jpg",
                "hash": "thumbnail_coll_6_62bc79d217",
                "ext": ".jpg",
                "mime": "image/jpeg",
                "width": 245,
                "height": 138,
                "size": 10.04,
                "path": null,
                "url": "/uploads/thumbnail_coll_6_62bc79d217.jpg"
              },
              "small": {
                "name": "small_coll-6.jpg",
                "hash": "small_coll_6_62bc79d217",
                "ext": ".jpg",
                "mime": "image/jpeg",
                "width": 500,
                "height": 282,
                "size": 24.83,
                "path": null,
                "url": "/uploads/small_coll_6_62bc79d217.jpg"
              }
            },
            "hash": "coll_6_62bc79d217",
            "ext": ".jpg",
            "mime": "image/jpeg",
            "size": 31.7,
            "url": "/uploads/coll_6_62bc79d217.jpg",
            "previewUrl": null,
            "provider": "local",
            "provider_metadata": null,
            "created_at": "2021-11-02T15:12:51.800Z",
            "updated_at": "2021-11-02T15:12:51.820Z"
          }
        }
      ]
    },
    {
      "id": 7,
      "username": "Gayle Hicks",
      "social": "@gayle_hicks",
      "wallet": "DdzFFzCqrhshMSxb9oW3mRo4MJrQkusV3fGFSTwaiu4wPBqMryA9DYVJCkW9n7twCffG5f5wX2sSkoDXGiZB1HPa7K7f865Kk4LqnrME",
      "followers": 399,
      "bid": null,
      "author_sale": {
        "id": 7,
        "sales": 1.5,
        "volume": 15.22587,
        "daily_sales": 35.11,
        "weekly_sales": 239.83,
        "floor_price": 2.9,
        "owners": 2.3,
        "assets": 28.4,
        "author": 7,
        "published_at": "2021-11-04T14:19:27.693Z",
        "created_at": "2021-11-04T14:14:45.903Z",
        "updated_at": "2021-11-04T14:19:27.718Z"
      },
      "about": "Sed ut perspiciatis unde omnis iste natus error sit voluptatem accusantium doloremque laudantium, totam rem aperiam, eaque ipsa quae ab illo inventore veritatis et quasi architecto beatae vitae dicta sunt explicabo. Nemo enim ipsam voluptatem quia voluptas sit aspernatur aut odit aut fugit, sed quia consequuntur magni",
      "published_at": "2021-11-04T13:55:07.062Z",
      "created_at": "2021-11-04T13:55:03.616Z",
      "updated_at": "2021-11-30T15:41:40.128Z",
      "avatar": {
        "id": 25,
        "name": "author-7.jpg",
        "alternativeText": "",
        "caption": "",
        "width": 200,
        "height": 200,
        "formats": {
          "thumbnail": {
            "name": "thumbnail_author-7.jpg",
            "hash": "thumbnail_author_7_3b6dc1483c",
            "ext": ".jpg",
            "mime": "image/jpeg",
            "width": 156,
            "height": 156,
            "size": 4.83,
            "path": null,
            "url": "/uploads/thumbnail_author_7_3b6dc1483c.jpg"
          }
        },
        "hash": "author_7_3b6dc1483c",
        "ext": ".jpg",
        "mime": "image/jpeg",
        "size": 5.76,
        "url": "/uploads/author_7_3b6dc1483c.jpg",
        "previewUrl": null,
        "provider": "local",
        "provider_metadata": null,
        "created_at": "2021-11-02T15:12:46.496Z",
        "updated_at": "2021-11-02T15:12:46.517Z"
      },
      "banner": {
        "id": 85,
        "name": "static-7.jpg",
        "alternativeText": "",
        "caption": "",
        "width": 600,
        "height": 600,
        "formats": {
          "thumbnail": {
            "name": "thumbnail_static-7.jpg",
            "hash": "thumbnail_static_7_cf74cacd4e",
            "ext": ".jpg",
            "mime": "image/jpeg",
            "width": 156,
            "height": 156,
            "size": 4.09,
            "path": null,
            "url": "/uploads/thumbnail_static_7_cf74cacd4e.jpg"
          },
          "small": {
            "name": "small_static-7.jpg",
            "hash": "small_static_7_cf74cacd4e",
            "ext": ".jpg",
            "mime": "image/jpeg",
            "width": 500,
            "height": 500,
            "size": 20.51,
            "path": null,
            "url": "/uploads/small_static_7_cf74cacd4e.jpg"
          }
        },
        "hash": "static_7_cf74cacd4e",
        "ext": ".jpg",
        "mime": "image/jpeg",
        "size": 21.43,
        "url": "/uploads/static_7_cf74cacd4e.jpg",
        "previewUrl": null,
        "provider": "local",
        "provider_metadata": null,
        "created_at": "2021-11-02T15:13:03.118Z",
        "updated_at": "2021-11-02T15:13:03.158Z"
      },
      "nfts": [
        {
          "id": 10,
          "unique_id": null,
          "category": "virtual_world",
          "status": "has_offers",
          "item_type": "single_items",
          "collections": "abstraction",
          "deadline": null,
          "author_link": "/Author",
          "nft_link": "/ItemDetail",
          "bid_link": "/ItemDetail",
          "title": "Purple Planet",
          "price": 0.08,
          "bid": 1,
          "max_bid": 20,
          "likes": 50,
          "description": "Sed ut perspiciatis unde omnis iste natus error sit voluptatem accusantium doloremque laudantium, totam rem aperiam, eaque ipsa quae ab illo inventore veritatis et quasi architecto beatae vitae dicta sunt explicabo.",
          "views": 100,
          "priceover": 0.04,
          "author": 7,
          "showcase": null,
          "published_at": "2021-11-04T19:01:19.533Z",
          "created_at": "2021-11-04T19:01:15.881Z",
          "updated_at": "2021-11-30T15:41:40.107Z",
          "preview_image": {
            "id": 83,
            "name": "static-5.jpg",
            "alternativeText": "",
            "caption": "",
            "width": 600,
            "height": 279,
            "formats": {
              "thumbnail": {
                "name": "thumbnail_static-5.jpg",
                "hash": "thumbnail_static_5_82c702df64",
                "ext": ".jpg",
                "mime": "image/jpeg",
                "width": 245,
                "height": 114,
                "size": 6.36,
                "path": null,
                "url": "/uploads/thumbnail_static_5_82c702df64.jpg"
              },
              "small": {
                "name": "small_static-5.jpg",
                "hash": "small_static_5_82c702df64",
                "ext": ".jpg",
                "mime": "image/jpeg",
                "width": 500,
                "height": 233,
                "size": 18.3,
                "path": null,
                "url": "/uploads/small_static_5_82c702df64.jpg"
              }
            },
            "hash": "static_5_82c702df64",
            "ext": ".jpg",
            "mime": "image/jpeg",
            "size": 22.84,
            "url": "/uploads/static_5_82c702df64.jpg",
            "previewUrl": null,
            "provider": "local",
            "provider_metadata": null,
            "created_at": "2021-11-02T15:13:02.613Z",
            "updated_at": "2021-11-02T15:13:02.634Z"
          }
        }
      ],
      "hot_collections": [
        
      ]
    },
    {
      "id": 8,
      "username": "Claude Banks",
      "social": "@claude_banks",
      "wallet": "DdzFFzCqrhshMSxb9oW3mRo4MJrQkusV3fGFSTwaiu4wPBqMryA9DYVJCkW9n7twCffG5f5wX2sSkoDXGiZB1HPa7K7f865Kk4LqnrME",
      "followers": 788,
      "bid": null,
      "author_sale": {
        "id": 8,
        "sales": 1.3,
        "volume": 15.22587,
        "daily_sales": 35.11,
        "weekly_sales": 239.83,
        "floor_price": 2.9,
        "owners": 2.3,
        "assets": 28.4,
        "author": 8,
        "published_at": "2021-11-04T14:19:32.729Z",
        "created_at": "2021-11-04T14:15:19.687Z",
        "updated_at": "2021-11-04T14:19:32.762Z"
      },
      "about": "Sed ut perspiciatis unde omnis iste natus error sit voluptatem accusantium doloremque laudantium, totam rem aperiam, eaque ipsa quae ab illo inventore veritatis et quasi architecto beatae vitae dicta sunt explicabo. Nemo enim ipsam voluptatem quia voluptas sit aspernatur aut odit aut fugit, sed quia consequuntur magni",
      "published_at": "2021-11-04T13:57:45.099Z",
      "created_at": "2021-11-04T13:56:04.115Z",
      "updated_at": "2021-11-30T15:41:23.500Z",
      "avatar": {
        "id": 26,
        "name": "author-8.jpg",
        "alternativeText": "",
        "caption": "",
        "width": 200,
        "height": 200,
        "formats": {
          "thumbnail": {
            "name": "thumbnail_author-8.jpg",
            "hash": "thumbnail_author_8_3bc062c072",
            "ext": ".jpg",
            "mime": "image/jpeg",
            "width": 156,
            "height": 156,
            "size": 6.14,
            "path": null,
            "url": "/uploads/thumbnail_author_8_3bc062c072.jpg"
          }
        },
        "hash": "author_8_3bc062c072",
        "ext": ".jpg",
        "mime": "image/jpeg",
        "size": 8.28,
        "url": "/uploads/author_8_3bc062c072.jpg",
        "previewUrl": null,
        "provider": "local",
        "provider_metadata": null,
        "created_at": "2021-11-02T15:12:46.624Z",
        "updated_at": "2021-11-02T15:12:46.645Z"
      },
      "banner": {
        "id": 88,
        "name": "static-8.jpg",
        "alternativeText": "",
        "caption": "",
        "width": 600,
        "height": 400,
        "formats": {
          "thumbnail": {
            "name": "thumbnail_static-8.jpg",
            "hash": "thumbnail_static_8_5a912bf71b",
            "ext": ".jpg",
            "mime": "image/jpeg",
            "width": 234,
            "height": 156,
            "size": 7.83,
            "path": null,
            "url": "/uploads/thumbnail_static_8_5a912bf71b.jpg"
          },
          "small": {
            "name": "small_static-8.jpg",
            "hash": "small_static_8_5a912bf71b",
            "ext": ".jpg",
            "mime": "image/jpeg",
            "width": 500,
            "height": 333,
            "size": 24.56,
            "path": null,
            "url": "/uploads/small_static_8_5a912bf71b.jpg"
          }
        },
        "hash": "static_8_5a912bf71b",
        "ext": ".jpg",
        "mime": "image/jpeg",
        "size": 31.99,
        "url": "/uploads/static_8_5a912bf71b.jpg",
        "previewUrl": null,
        "provider": "local",
        "provider_metadata": null,
        "created_at": "2021-11-02T15:13:03.802Z",
        "updated_at": "2021-11-02T15:13:03.819Z"
      },
      "nfts": [
        {
          "id": 12,
          "unique_id": null,
          "category": "art",
          "status": "on_auction",
          "item_type": "single_items",
          "collections": "abstraction",
          "deadline": "2022-01-10",
          "author_link": "/Author",
          "nft_link": "/ItemDetail",
          "bid_link": "/ItemDetail",
          "title": "This is Our Story",
          "price": 0.08,
          "bid": 1,
          "max_bid": 20,
          "likes": 25,
          "description": "Sed ut perspiciatis unde omnis iste natus error sit voluptatem accusantium doloremque laudantium, totam rem aperiam, eaque ipsa quae ab illo inventore veritatis et quasi architecto beatae vitae dicta sunt explicabo.",
          "views": 200,
          "priceover": null,
          "author": 8,
          "showcase": null,
          "published_at": "2021-11-04T19:04:22.224Z",
          "created_at": "2021-11-04T19:04:16.101Z",
          "updated_at": "2021-11-30T15:41:23.479Z",
          "preview_image": {
            "id": 15,
            "name": "anim-7.webp",
            "alternativeText": "",
            "caption": "",
            "width": 387,
            "height": 480,
            "formats": {
              "thumbnail": {
                "name": "thumbnail_anim-7.webp",
                "hash": "thumbnail_anim_7_b0be11eee1",
                "ext": ".webp",
                "mime": "image/webp",
                "width": 126,
                "height": 156,
                "size": 2.83,
                "path": null,
                "url": "/uploads/thumbnail_anim_7_b0be11eee1.webp"
              }
            },
            "hash": "anim_7_b0be11eee1",
            "ext": ".webp",
            "mime": "image/webp",
            "size": 97.66,
            "url": "/uploads/anim_7_b0be11eee1.webp",
            "previewUrl": null,
            "provider": "local",
            "provider_metadata": null,
            "created_at": "2021-11-02T15:12:43.841Z",
            "updated_at": "2021-11-06T15:04:27.910Z"
          }
        }
      ],
      "hot_collections": [
        
      ]
    },
    {
      "id": 9,
      "username": "Franklin Greer",
      "social": "@franklin_greer",
      "wallet": "DdzFFzCqrhshMSxb9oW3mRo4MJrQkusV3fGFSTwaiu4wPBqMryA9DYVJCkW9n7twCffG5f5wX2sSkoDXGiZB1HPa7K7f865Kk4LqnrME",
      "followers": 124,
      "bid": null,
      "author_sale": {
        "id": 9,
        "sales": 0.9,
        "volume": 15.22587,
        "daily_sales": 35.11,
        "weekly_sales": 239.83,
        "floor_price": 2.9,
        "owners": 2.3,
        "assets": 28.4,
        "author": 9,
        "published_at": "2021-11-04T14:19:35.929Z",
        "created_at": "2021-11-04T14:16:07.307Z",
        "updated_at": "2021-11-04T14:19:35.965Z"
      },
      "about": "Sed ut perspiciatis unde omnis iste natus error sit voluptatem accusantium doloremque laudantium, totam rem aperiam, eaque ipsa quae ab illo inventore veritatis et quasi architecto beatae vitae dicta sunt explicabo. Nemo enim ipsam voluptatem quia voluptas sit aspernatur aut odit aut fugit, sed quia consequuntur magni",
      "published_at": "2021-11-04T13:57:26.358Z",
      "created_at": "2021-11-04T13:57:23.603Z",
      "updated_at": "2021-11-30T15:41:29.197Z",
      "avatar": {
        "id": 27,
        "name": "author-9.jpg",
        "alternativeText": "",
        "caption": "",
        "width": 200,
        "height": 200,
        "formats": {
          "thumbnail": {
            "name": "thumbnail_author-9.jpg",
            "hash": "thumbnail_author_9_91a41bc22c",
            "ext": ".jpg",
            "mime": "image/jpeg",
            "width": 156,
            "height": 156,
            "size": 4.55,
            "path": null,
            "url": "/uploads/thumbnail_author_9_91a41bc22c.jpg"
          }
        },
        "hash": "author_9_91a41bc22c",
        "ext": ".jpg",
        "mime": "image/jpeg",
        "size": 5.85,
        "url": "/uploads/author_9_91a41bc22c.jpg",
        "previewUrl": null,
        "provider": "local",
        "provider_metadata": null,
        "created_at": "2021-11-02T15:12:46.773Z",
        "updated_at": "2021-11-02T15:12:46.800Z"
      },
      "banner": {
        "id": 85,
        "name": "static-7.jpg",
        "alternativeText": "",
        "caption": "",
        "width": 600,
        "height": 600,
        "formats": {
          "thumbnail": {
            "name": "thumbnail_static-7.jpg",
            "hash": "thumbnail_static_7_cf74cacd4e",
            "ext": ".jpg",
            "mime": "image/jpeg",
            "width": 156,
            "height": 156,
            "size": 4.09,
            "path": null,
            "url": "/uploads/thumbnail_static_7_cf74cacd4e.jpg"
          },
          "small": {
            "name": "small_static-7.jpg",
            "hash": "small_static_7_cf74cacd4e",
            "ext": ".jpg",
            "mime": "image/jpeg",
            "width": 500,
            "height": 500,
            "size": 20.51,
            "path": null,
            "url": "/uploads/small_static_7_cf74cacd4e.jpg"
          }
        },
        "hash": "static_7_cf74cacd4e",
        "ext": ".jpg",
        "mime": "image/jpeg",
        "size": 21.43,
        "url": "/uploads/static_7_cf74cacd4e.jpg",
        "previewUrl": null,
        "provider": "local",
        "provider_metadata": null,
        "created_at": "2021-11-02T15:13:03.118Z",
        "updated_at": "2021-11-02T15:13:03.158Z"
      },
      "nfts": [
        {
          "id": 5,
          "unique_id": null,
          "category": "art",
          "status": "buy_now",
          "item_type": "bundles",
          "collections": "abstraction",
          "deadline": null,
          "author_link": "/Author",
          "nft_link": "/ItemDetail",
          "bid_link": "/ItemDetail",
          "title": "The Truth",
          "price": 0.08,
          "bid": 1,
          "max_bid": 20,
          "likes": 50,
          "description": "Sed ut perspiciatis unde omnis iste natus error sit voluptatem accusantium doloremque laudantium, totam rem aperiam, eaque ipsa quae ab illo inventore veritatis et quasi architecto beatae vitae dicta sunt explicabo.",
          "views": 100,
          "priceover": null,
          "author": 9,
          "showcase": null,
          "published_at": "2021-11-04T16:24:00.095Z",
          "created_at": "2021-11-04T16:23:53.377Z",
          "updated_at": "2021-11-30T15:41:29.174Z",
          "preview_image": {
            "id": 104,
            "name": "anim-4.webp",
            "alternativeText": "",
            "caption": "",
            "width": 200,
            "height": 200,
            "formats": {
              "thumbnail": {
                "name": "thumbnail_anim-4.webp",
                "hash": "thumbnail_anim_4_0f6539826b",
                "ext": ".webp",
                "mime": "image/webp",
                "width": 156,
                "height": 156,
                "size": 7.93,
                "path": null,
                "url": "/uploads/thumbnail_anim_4_0f6539826b.webp"
              }
            },
            "hash": "anim_4_0f6539826b",
            "ext": ".webp",
            "mime": "image/webp",
            "size": 49.05,
            "url": "/uploads/anim_4_0f6539826b.webp",
            "previewUrl": null,
            "provider": "local",
            "provider_metadata": null,
            "created_at": "2021-11-06T04:15:54.446Z",
            "updated_at": "2021-11-06T15:02:35.022Z"
          }
        },
        {
          "id": 13,
          "unique_id": null,
          "category": "art",
          "status": "has_offers",
          "item_type": "single_items",
          "collections": "abstraction",
          "deadline": null,
          "author_link": "/Author",
          "nft_link": "/ItemDetail",
          "bid_link": "/ItemDetail",
          "title": "Pixel World",
          "price": 0.08,
          "bid": 1,
          "max_bid": 20,
          "likes": 50,
          "description": "Sed ut perspiciatis unde omnis iste natus error sit voluptatem accusantium doloremque laudantium, totam rem aperiam, eaque ipsa quae ab illo inventore veritatis et quasi architecto beatae vitae dicta sunt explicabo.",
          "views": 100,
          "priceover": 0.04,
          "author": 9,
          "showcase": null,
          "published_at": "2021-11-04T19:06:08.718Z",
          "created_at": "2021-11-04T19:06:06.220Z",
          "updated_at": "2021-11-30T15:41:29.174Z",
          "preview_image": {
            "id": 84,
            "name": "static-6.jpg",
            "alternativeText": "",
            "caption": "",
            "width": 600,
            "height": 472,
            "formats": {
              "thumbnail": {
                "name": "thumbnail_static-6.jpg",
                "hash": "thumbnail_static_6_3b7902d4b7",
                "ext": ".jpg",
                "mime": "image/jpeg",
                "width": 198,
                "height": 156,
                "size": 5.68,
                "path": null,
                "url": "/uploads/thumbnail_static_6_3b7902d4b7.jpg"
              },
              "small": {
                "name": "small_static-6.jpg",
                "hash": "small_static_6_3b7902d4b7",
                "ext": ".jpg",
                "mime": "image/jpeg",
                "width": 500,
                "height": 393,
                "size": 19.22,
                "path": null,
                "url": "/uploads/small_static_6_3b7902d4b7.jpg"
              }
            },
            "hash": "static_6_3b7902d4b7",
            "ext": ".jpg",
            "mime": "image/jpeg",
            "size": 20.26,
            "url": "/uploads/static_6_3b7902d4b7.jpg",
            "previewUrl": null,
            "provider": "local",
            "provider_metadata": null,
            "created_at": "2021-11-02T15:13:02.728Z",
            "updated_at": "2021-11-02T15:13:02.749Z"
          }
        }
      ],
      "hot_collections": [
        
      ]
    },
    {
      "id": 10,
      "username": "Stacy Long",
      "social": "@stacy_long",
      "wallet": "DdzFFzCqrhshMSxb9oW3mRo4MJrQkusV3fGFSTwaiu4wPBqMryA9DYVJCkW9n7twCffG5f5wX2sSkoDXGiZB1HPa7K7f865Kk4LqnrME",
      "followers": 355,
      "bid": null,
      "author_sale": {
        "id": 10,
        "sales": 0.8,
        "volume": 15.22587,
        "daily_sales": -35.11,
        "weekly_sales": 239.83,
        "floor_price": 2.9,
        "owners": 2.3,
        "assets": 28.4,
        "author": 10,
        "published_at": "2021-11-04T14:19:38.707Z",
        "created_at": "2021-11-04T14:17:00.820Z",
        "updated_at": "2021-11-04T14:19:38.744Z"
      },
      "about": "Sed ut perspiciatis unde omnis iste natus error sit voluptatem accusantium doloremque laudantium, totam rem aperiam, eaque ipsa quae ab illo inventore veritatis et quasi architecto beatae vitae dicta sunt explicabo. Nemo enim ipsam voluptatem quia voluptas sit aspernatur aut odit aut fugit, sed quia consequuntur magni",
      "published_at": "2021-11-04T14:00:04.300Z",
      "created_at": "2021-11-04T14:00:01.298Z",
      "updated_at": "2021-11-30T15:42:20.769Z",
      "avatar": {
        "id": 28,
        "name": "author-10.jpg",
        "alternativeText": "",
        "caption": "",
        "width": 200,
        "height": 200,
        "formats": {
          "thumbnail": {
            "name": "thumbnail_author-10.jpg",
            "hash": "thumbnail_author_10_311ec16dc3",
            "ext": ".jpg",
            "mime": "image/jpeg",
            "width": 156,
            "height": 156,
            "size": 4.74,
            "path": null,
            "url": "/uploads/thumbnail_author_10_311ec16dc3.jpg"
          }
        },
        "hash": "author_10_311ec16dc3",
        "ext": ".jpg",
        "mime": "image/jpeg",
        "size": 6.42,
        "url": "/uploads/author_10_311ec16dc3.jpg",
        "previewUrl": null,
        "provider": "local",
        "provider_metadata": null,
        "created_at": "2021-11-02T15:12:46.918Z",
        "updated_at": "2021-11-02T15:12:46.938Z"
      },
      "banner": {
        "id": 88,
        "name": "static-8.jpg",
        "alternativeText": "",
        "caption": "",
        "width": 600,
        "height": 400,
        "formats": {
          "thumbnail": {
            "name": "thumbnail_static-8.jpg",
            "hash": "thumbnail_static_8_5a912bf71b",
            "ext": ".jpg",
            "mime": "image/jpeg",
            "width": 234,
            "height": 156,
            "size": 7.83,
            "path": null,
            "url": "/uploads/thumbnail_static_8_5a912bf71b.jpg"
          },
          "small": {
            "name": "small_static-8.jpg",
            "hash": "small_static_8_5a912bf71b",
            "ext": ".jpg",
            "mime": "image/jpeg",
            "width": 500,
            "height": 333,
            "size": 24.56,
            "path": null,
            "url": "/uploads/small_static_8_5a912bf71b.jpg"
          }
        },
        "hash": "static_8_5a912bf71b",
        "ext": ".jpg",
        "mime": "image/jpeg",
        "size": 31.99,
        "url": "/uploads/static_8_5a912bf71b.jpg",
        "previewUrl": null,
        "provider": "local",
        "provider_metadata": null,
        "created_at": "2021-11-02T15:13:03.802Z",
        "updated_at": "2021-11-02T15:13:03.819Z"
      },
      "nfts": [
        
      ],
      "hot_collections": [
        
      ]
    },
    {
      "id": 11,
      "username": "Ida Chapman",
      "social": "@ida_chapman",
      "wallet": "DdzFFzCqrhshMSxb9oW3mRo4MJrQkusV3fGFSTwaiu4wPBqMryA9DYVJCkW9n7twCffG5f5wX2sSkoDXGiZB1HPa7K7f865Kk4LqnrME",
      "followers": 696,
      "bid": null,
      "author_sale": {
        "id": 11,
        "sales": 0.6,
        "volume": 15.22587,
        "daily_sales": 35.11,
        "weekly_sales": 239.83,
        "floor_price": 2.9,
        "owners": 2.3,
        "assets": 28.4,
        "author": 11,
        "published_at": "2021-11-04T14:17:42.413Z",
        "created_at": "2021-11-04T14:17:40.058Z",
        "updated_at": "2021-11-04T14:17:42.444Z"
      },
      "about": "Sed ut perspiciatis unde omnis iste natus error sit voluptatem accusantium doloremque laudantium, totam rem aperiam, eaque ipsa quae ab illo inventore veritatis et quasi architecto beatae vitae dicta sunt explicabo. Nemo enim ipsam voluptatem quia voluptas sit aspernatur aut odit aut fugit, sed quia consequuntur magni",
      "published_at": "2021-11-04T14:01:02.394Z",
      "created_at": "2021-11-04T14:00:59.777Z",
      "updated_at": "2021-11-30T15:41:46.425Z",
      "avatar": {
        "id": 29,
        "name": "author-11.jpg",
        "alternativeText": "",
        "caption": "",
        "width": 200,
        "height": 200,
        "formats": {
          "thumbnail": {
            "name": "thumbnail_author-11.jpg",
            "hash": "thumbnail_author_11_1ad2096db9",
            "ext": ".jpg",
            "mime": "image/jpeg",
            "width": 156,
            "height": 156,
            "size": 3.33,
            "path": null,
            "url": "/uploads/thumbnail_author_11_1ad2096db9.jpg"
          }
        },
        "hash": "author_11_1ad2096db9",
        "ext": ".jpg",
        "mime": "image/jpeg",
        "size": 4.13,
        "url": "/uploads/author_11_1ad2096db9.jpg",
        "previewUrl": null,
        "provider": "local",
        "provider_metadata": null,
        "created_at": "2021-11-02T15:12:47.082Z",
        "updated_at": "2021-11-02T15:12:47.101Z"
      },
      "banner": {
        "id": 43,
        "name": "coll-4.jpg",
        "alternativeText": "",
        "caption": "",
        "width": 600,
        "height": 338,
        "formats": {
          "thumbnail": {
            "name": "thumbnail_coll-4.jpg",
            "hash": "thumbnail_coll_4_69f3883518",
            "ext": ".jpg",
            "mime": "image/jpeg",
            "width": 245,
            "height": 138,
            "size": 8.87,
            "path": null,
            "url": "/uploads/thumbnail_coll_4_69f3883518.jpg"
          },
          "small": {
            "name": "small_coll-4.jpg",
            "hash": "small_coll_4_69f3883518",
            "ext": ".jpg",
            "mime": "image/jpeg",
            "width": 500,
            "height": 282,
            "size": 24.51,
            "path": null,
            "url": "/uploads/small_coll_4_69f3883518.jpg"
          }
        },
        "hash": "coll_4_69f3883518",
        "ext": ".jpg",
        "mime": "image/jpeg",
        "size": 30.92,
        "url": "/uploads/coll_4_69f3883518.jpg",
        "previewUrl": null,
        "provider": "local",
        "provider_metadata": null,
        "created_at": "2021-11-02T15:12:50.996Z",
        "updated_at": "2021-11-02T15:12:51.059Z"
      },
      "nfts": [
        {
          "id": 3,
          "unique_id": null,
          "category": "art",
          "status": "buy_now",
          "item_type": "single_items",
          "collections": "abstraction",
          "deadline": null,
          "author_link": "/Author",
          "nft_link": "/ItemDetail",
          "bid_link": "/ItemDetail",
          "title": "Rainbow Style",
          "price": 0.05,
          "bid": 1,
          "max_bid": 11,
          "likes": 97,
          "description": "Sed ut perspiciatis unde omnis iste natus error sit voluptatem accusantium doloremque laudantium, totam rem aperiam, eaque ipsa quae ab illo inventore veritatis et quasi architecto beatae vitae dicta sunt explicabo.",
          "views": 100,
          "priceover": null,
          "author": 11,
          "showcase": null,
          "published_at": "2021-11-04T16:16:57.864Z",
          "created_at": "2021-11-04T16:16:45.075Z",
          "updated_at": "2021-11-30T15:41:46.404Z",
          "preview_image": {
            "id": 80,
            "name": "static-3.jpg",
            "alternativeText": "",
            "caption": "",
            "width": 390,
            "height": 450,
            "formats": {
              "thumbnail": {
                "name": "thumbnail_static-3.jpg",
                "hash": "thumbnail_static_3_fffde34782",
                "ext": ".jpg",
                "mime": "image/jpeg",
                "width": 135,
                "height": 156,
                "size": 6.71,
                "path": null,
                "url": "/uploads/thumbnail_static_3_fffde34782.jpg"
              }
            },
            "hash": "static_3_fffde34782",
            "ext": ".jpg",
            "mime": "image/jpeg",
            "size": 31.88,
            "url": "/uploads/static_3_fffde34782.jpg",
            "previewUrl": null,
            "provider": "local",
            "provider_metadata": null,
            "created_at": "2021-11-02T15:13:02.113Z",
            "updated_at": "2021-11-02T15:13:02.194Z"
          }
        }
      ],
      "hot_collections": [
        
      ]
    },
    {
      "id": 12,
      "username": "Fred Ryan",
      "social": "@fred_ryan",
      "wallet": "DdzFFzCqrhshMSxb9oW3mRo4MJrQkusV3fGFSTwaiu4wPBqMryA9DYVJCkW9n7twCffG5f5wX2sSkoDXGiZB1HPa7K7f865Kk4LqnrME",
      "followers": 781,
      "bid": null,
      "author_sale": {
        "id": 12,
        "sales": 0.5,
        "volume": 15.22587,
        "daily_sales": 35.11,
        "weekly_sales": 239.83,
        "floor_price": 2.9,
        "owners": 2.3,
        "assets": 28.4,
        "author": 12,
        "published_at": "2021-11-04T14:18:23.173Z",
        "created_at": "2021-11-04T14:18:20.052Z",
        "updated_at": "2021-11-04T14:25:50.094Z"
      },
      "about": "Sed ut perspiciatis unde omnis iste natus error sit voluptatem accusantium doloremque laudantium, totam rem aperiam, eaque ipsa quae ab illo inventore veritatis et quasi architecto beatae vitae dicta sunt explicabo. Nemo enim ipsam voluptatem quia voluptas sit aspernatur aut odit aut fugit, sed quia consequuntur magni",
      "published_at": "2021-11-04T14:02:10.231Z",
      "created_at": "2021-11-04T14:02:06.507Z",
      "updated_at": "2021-11-30T15:41:34.871Z",
      "avatar": {
        "id": 30,
        "name": "author-12.jpg",
        "alternativeText": "",
        "caption": "",
        "width": 200,
        "height": 200,
        "formats": {
          "thumbnail": {
            "name": "thumbnail_author-12.jpg",
            "hash": "thumbnail_author_12_3202cef504",
            "ext": ".jpg",
            "mime": "image/jpeg",
            "width": 156,
            "height": 156,
            "size": 8.19,
            "path": null,
            "url": "/uploads/thumbnail_author_12_3202cef504.jpg"
          }
        },
        "hash": "author_12_3202cef504",
        "ext": ".jpg",
        "mime": "image/jpeg",
        "size": 11.58,
        "url": "/uploads/author_12_3202cef504.jpg",
        "previewUrl": null,
        "provider": "local",
        "provider_metadata": null,
        "created_at": "2021-11-02T15:12:47.238Z",
        "updated_at": "2021-11-02T15:12:47.256Z"
      },
      "banner": {
        "id": 81,
        "name": "static-4.jpg",
        "alternativeText": "",
        "caption": "",
        "width": 500,
        "height": 500,
        "formats": {
          "thumbnail": {
            "name": "thumbnail_static-4.jpg",
            "hash": "thumbnail_static_4_ccd42beea6",
            "ext": ".jpg",
            "mime": "image/jpeg",
            "width": 156,
            "height": 156,
            "size": 6.77,
            "path": null,
            "url": "/uploads/thumbnail_static_4_ccd42beea6.jpg"
          }
        },
        "hash": "static_4_ccd42beea6",
        "ext": ".jpg",
        "mime": "image/jpeg",
        "size": 57.88,
        "url": "/uploads/static_4_ccd42beea6.jpg",
        "previewUrl": null,
        "provider": "local",
        "provider_metadata": null,
        "created_at": "2021-11-02T15:13:02.313Z",
        "updated_at": "2021-11-02T15:13:02.335Z"
      },
      "nfts": [
        {
          "id": 4,
          "unique_id": null,
          "category": "collectibles",
          "status": "on_auction",
          "item_type": "bundles",
          "collections": "abstraction",
          "deadline": "2022-01-01",
          "author_link": "/Author",
          "nft_link": "/ItemDetail",
          "bid_link": "/ItemDetail",
          "title": "Two Tigers",
          "price": 0.08,
          "bid": 1,
          "max_bid": 20,
          "likes": 50,
          "description": "Sed ut perspiciatis unde omnis iste natus error sit voluptatem accusantium doloremque laudantium, totam rem aperiam, eaque ipsa quae ab illo inventore veritatis et quasi architecto beatae vitae dicta sunt explicabo.",
          "views": 122,
          "priceover": null,
          "author": 12,
          "showcase": null,
          "published_at": "2021-11-04T16:18:25.596Z",
          "created_at": "2021-11-04T16:18:23.191Z",
          "updated_at": "2021-11-30T15:41:34.852Z",
          "preview_image": {
            "id": 81,
            "name": "static-4.jpg",
            "alternativeText": "",
            "caption": "",
            "width": 500,
            "height": 500,
            "formats": {
              "thumbnail": {
                "name": "thumbnail_static-4.jpg",
                "hash": "thumbnail_static_4_ccd42beea6",
                "ext": ".jpg",
                "mime": "image/jpeg",
                "width": 156,
                "height": 156,
                "size": 6.77,
                "path": null,
                "url": "/uploads/thumbnail_static_4_ccd42beea6.jpg"
              }
            },
            "hash": "static_4_ccd42beea6",
            "ext": ".jpg",
            "mime": "image/jpeg",
            "size": 57.88,
            "url": "/uploads/static_4_ccd42beea6.jpg",
            "previewUrl": null,
            "provider": "local",
            "provider_metadata": null,
            "created_at": "2021-11-02T15:13:02.313Z",
            "updated_at": "2021-11-02T15:13:02.335Z"
          }
        },
        {
          "id": 14,
          "unique_id": null,
          "category": "collectibles",
          "status": "on_auction",
          "item_type": "single_items",
          "collections": "cartoonism",
          "deadline": "2022-01-10",
          "author_link": "/Author",
          "nft_link": "/ItemDetail",
          "bid_link": "/ItemDetail",
          "title": "I Believe I Can Fly",
          "price": 0.08,
          "bid": 1,
          "max_bid": 20,
          "likes": 50,
          "description": "Sed ut perspiciatis unde omnis iste natus error sit voluptatem accusantium doloremque laudantium, totam rem aperiam, eaque ipsa quae ab illo inventore veritatis et quasi architecto beatae vitae dicta sunt explicabo.",
          "views": 240,
          "priceover": null,
          "author": 12,
          "showcase": true,
          "published_at": "2021-11-04T19:08:32.990Z",
          "created_at": "2021-11-04T19:08:30.033Z",
          "updated_at": "2021-11-30T15:41:34.852Z",
          "preview_image": {
            "id": 16,
            "name": "anim-8.webp",
            "alternativeText": "",
            "caption": "",
            "width": 200,
            "height": 200,
            "formats": {
              "thumbnail": {
                "name": "thumbnail_anim-8.webp",
                "hash": "thumbnail_anim_8_3b95944cfb",
                "ext": ".webp",
                "mime": "image/webp",
                "width": 156,
                "height": 156,
                "size": 3.03,
                "path": null,
                "url": "/uploads/thumbnail_anim_8_3b95944cfb.webp"
              }
            },
            "hash": "anim_8_3b95944cfb",
            "ext": ".webp",
            "mime": "image/webp",
            "size": 18.55,
            "url": "/uploads/anim_8_3b95944cfb.webp",
            "previewUrl": null,
            "provider": "local",
            "provider_metadata": null,
            "created_at": "2021-11-02T15:12:44.001Z",
            "updated_at": "2021-11-06T15:04:49.926Z"
          }
        }
      ],
      "hot_collections": [
        
      ]
    }
  ]