[
    {
      "id": 1,
      "unique_id": "ERC-192",
      "author": {
        "id": 1,
        "username": "Monica Lucas",
        "social": "@monicaaa",
        "wallet": "DdzFFzCqrhshMSxb9oW3mRo4MJrQkusV3fGFSTwaiu4wPBqMryA9DYVJCkW9n7twCffG5f5wX2sSkoDXGiZB1HPa7K7f865Kk4LqnrME",
        "followers": 500,
        "bid": 4,
        "author_sale": 1,
        "about": "Sed ut perspiciatis unde omnis iste natus error sit voluptatem accusantium doloremque laudantium, totam rem aperiam, eaque ipsa quae ab illo inventore veritatis et quasi architecto beatae vitae dicta sunt explicabo. Nemo enim ipsam voluptatem quia voluptas sit aspernatur aut odit aut fugit, sed quia consequuntur magni",
        "published_at": "2021-11-02T15:20:32.637Z",
        "created_at": "2021-11-02T15:20:24.426Z",
        "updated_at": "2021-11-30T15:42:09.638Z",
        "avatar": {
          "id": 19,
          "name": "author-1.jpg",
          "alternativeText": "",
          "caption": "",
          "width": 200,
          "height": 200,
          "formats": {
            "thumbnail": {
              "name": "thumbnail_author-1.jpg",
              "hash": "thumbnail_author_1_6f9ad9e11a",
              "ext": ".jpg",
              "mime": "image/jpeg",
              "width": 156,
              "height": 156,
              "size": 7.45,
              "path": null,
              "url": "/uploads/thumbnail_author_1_6f9ad9e11a.jpg"
            }
          },
          "hash": "author_1_6f9ad9e11a",
          "ext": ".jpg",
          "mime": "image/jpeg",
          "size": 9.93,
          "url": "/uploads/author_1_6f9ad9e11a.jpg",
          "previewUrl": null,
          "provider": "local",
          "provider_metadata": null,
          "created_at": "2021-11-02T15:12:44.838Z",
          "updated_at": "2021-11-02T15:12:44.890Z"
        },
        "banner": {
          "id": 18,
          "name": "author_banner.jpg",
          "alternativeText": "",
          "caption": "",
          "width": 1920,
          "height": 1080,
          "formats": {
            "thumbnail": {
              "name": "thumbnail_author_banner.jpg",
              "hash": "thumbnail_author_banner_1d2c434cf5",
              "ext": ".jpg",
              "mime": "image/jpeg",
              "width": 245,
              "height": 138,
              "size": 12.42,
              "path": null,
              "url": "/uploads/thumbnail_author_banner_1d2c434cf5.jpg"
            },
            "large": {
              "name": "large_author_banner.jpg",
              "hash": "large_author_banner_1d2c434cf5",
              "ext": ".jpg",
              "mime": "image/jpeg",
              "width": 1000,
              "height": 563,
              "size": 131.9,
              "path": null,
              "url": "/uploads/large_author_banner_1d2c434cf5.jpg"
            },
            "medium": {
              "name": "medium_author_banner.jpg",
              "hash": "medium_author_banner_1d2c434cf5",
              "ext": ".jpg",
              "mime": "image/jpeg",
              "width": 750,
              "height": 422,
              "size": 80.19,
              "path": null,
              "url": "/uploads/medium_author_banner_1d2c434cf5.jpg"
            },
            "small": {
              "name": "small_author_banner.jpg",
              "hash": "small_author_banner_1d2c434cf5",
              "ext": ".jpg",
              "mime": "image/jpeg",
              "width": 500,
              "height": 281,
              "size": 41.64,
              "path": null,
              "url": "/uploads/small_author_banner_1d2c434cf5.jpg"
            }
          },
          "hash": "author_banner_1d2c434cf5",
          "ext": ".jpg",
          "mime": "image/jpeg",
          "size": 340.92,
          "url": "/uploads/author_banner_1d2c434cf5.jpg",
          "previewUrl": null,
          "provider": "local",
          "provider_metadata": null,
          "created_at": "2021-11-02T15:12:44.548Z",
          "updated_at": "2021-11-02T15:12:44.563Z"
        }
      },
      "name": "Abstraction",
      "published_at": "2021-11-06T20:46:50.375Z",
      "created_at": "2021-11-06T20:40:13.013Z",
      "updated_at": "2021-11-30T15:42:09.581Z",
      "banner": {
        "id": 39,
        "name": "coll-1.jpg",
        "alternativeText": "",
        "caption": "",
        "width": 600,
        "height": 338,
        "formats": {
          "thumbnail": {
            "name": "thumbnail_coll-1.jpg",
            "hash": "thumbnail_coll_1_a126dd2884",
            "ext": ".jpg",
            "mime": "image/jpeg",
            "width": 245,
            "height": 138,
            "size": 11.5,
            "path": null,
            "url": "/uploads/thumbnail_coll_1_a126dd2884.jpg"
          },
          "small": {
            "name": "small_coll-1.jpg",
            "hash": "small_coll_1_a126dd2884",
            "ext": ".jpg",
            "mime": "image/jpeg",
            "width": 500,
            "height": 282,
            "size": 36.32,
            "path": null,
            "url": "/uploads/small_coll_1_a126dd2884.jpg"
          }
        },
        "hash": "coll_1_a126dd2884",
        "ext": ".jpg",
        "mime": "image/jpeg",
        "size": 48.54,
        "url": "/uploads/coll_1_a126dd2884.jpg",
        "previewUrl": null,
        "provider": "local",
        "provider_metadata": null,
        "created_at": "2021-11-02T15:12:50.234Z",
        "updated_at": "2021-11-02T15:12:50.252Z"
      }
    },
    {
      "id": 2,
      "unique_id": "ERC-61",
      "author": {
        "id": 2,
        "username": "Mamie Barnett",
        "social": "@mamie_barnett",
        "wallet": "DdzFFzCqrhshMSxb9oW3mRo4MJrQkusV3fGFSTwaiu4wPBqMryA9DYVJCkW9n7twCffG5f5wX2sSkoDXGiZB1HPa7K7f865Kk4LqnrME",
        "followers": 157,
        "bid": 3,
        "author_sale": 2,
        "about": "Sed ut perspiciatis unde omnis iste natus error sit voluptatem accusantium doloremque laudantium, totam rem aperiam, eaque ipsa quae ab illo inventore veritatis et quasi architecto beatae vitae dicta sunt explicabo. Nemo enim ipsam voluptatem quia voluptas sit aspernatur aut odit aut fugit, sed quia consequuntur magni",
        "published_at": "2021-11-04T13:41:34.589Z",
        "created_at": "2021-11-04T13:41:22.945Z",
        "updated_at": "2021-11-30T15:42:05.058Z",
        "avatar": {
          "id": 20,
          "name": "author-2.jpg",
          "alternativeText": "",
          "caption": "",
          "width": 200,
          "height": 200,
          "formats": {
            "thumbnail": {
              "name": "thumbnail_author-2.jpg",
              "hash": "thumbnail_author_2_c6ff6b745e",
              "ext": ".jpg",
              "mime": "image/jpeg",
              "width": 156,
              "height": 156,
              "size": 3.92,
              "path": null,
              "url": "/uploads/thumbnail_author_2_c6ff6b745e.jpg"
            }
          },
          "hash": "author_2_c6ff6b745e",
          "ext": ".jpg",
          "mime": "image/jpeg",
          "size": 5.1,
          "url": "/uploads/author_2_c6ff6b745e.jpg",
          "previewUrl": null,
          "provider": "local",
          "provider_metadata": null,
          "created_at": "2021-11-02T15:12:45.387Z",
          "updated_at": "2021-11-02T15:12:45.407Z"
        },
        "banner": {
          "id": 82,
          "name": "static-2.jpg",
          "alternativeText": "",
          "caption": "",
          "width": 600,
          "height": 400,
          "formats": {
            "thumbnail": {
              "name": "thumbnail_static-2.jpg",
              "hash": "thumbnail_static_2_c9a727abe8",
              "ext": ".jpg",
              "mime": "image/jpeg",
              "width": 234,
              "height": 156,
              "size": 14.32,
              "path": null,
              "url": "/uploads/thumbnail_static_2_c9a727abe8.jpg"
            },
            "small": {
              "name": "small_static-2.jpg",
              "hash": "small_static_2_c9a727abe8",
              "ext": ".jpg",
              "mime": "image/jpeg",
              "width": 500,
              "height": 333,
              "size": 50.19,
              "path": null,
              "url": "/uploads/small_static_2_c9a727abe8.jpg"
            }
          },
          "hash": "static_2_c9a727abe8",
          "ext": ".jpg",
          "mime": "image/jpeg",
          "size": 64.72,
          "url": "/uploads/static_2_c9a727abe8.jpg",
          "previewUrl": null,
          "provider": "local",
          "provider_metadata": null,
          "created_at": "2021-11-02T15:13:02.475Z",
          "updated_at": "2021-11-02T15:13:02.490Z"
        }
      },
      "name": "Patternlicious",
      "published_at": "2021-11-06T20:46:56.348Z",
      "created_at": "2021-11-06T20:40:48.929Z",
      "updated_at": "2021-11-30T15:42:05.000Z",
      "banner": {
        "id": 38,
        "name": "coll-2.jpg",
        "alternativeText": "",
        "caption": "",
        "width": 600,
        "height": 338,
        "formats": {
          "thumbnail": {
            "name": "thumbnail_coll-2.jpg",
            "hash": "thumbnail_coll_2_bfc2467cc8",
            "ext": ".jpg",
            "mime": "image/jpeg",
            "width": 245,
            "height": 138,
            "size": 6.91,
            "path": null,
            "url": "/uploads/thumbnail_coll_2_bfc2467cc8.jpg"
          },
          "small": {
            "name": "small_coll-2.jpg",
            "hash": "small_coll_2_bfc2467cc8",
            "ext": ".jpg",
            "mime": "image/jpeg",
            "width": 500,
            "height": 282,
            "size": 16.76,
            "path": null,
            "url": "/uploads/small_coll_2_bfc2467cc8.jpg"
          }
        },
        "hash": "coll_2_bfc2467cc8",
        "ext": ".jpg",
        "mime": "image/jpeg",
        "size": 20.56,
        "url": "/uploads/coll_2_bfc2467cc8.jpg",
        "previewUrl": null,
        "provider": "local",
        "provider_metadata": null,
        "created_at": "2021-11-02T15:12:50.061Z",
        "updated_at": "2021-11-02T15:12:50.118Z"
      }
    },
    {
      "id": 3,
      "unique_id": "ERC-126",
      "author": {
        "id": 3,
        "username": "Nicholas Daniels",
        "social": "@nicholas_daniels",
        "wallet": "DdzFFzCqrhshMSxb9oW3mRo4MJrQkusV3fGFSTwaiu4wPBqMryA9DYVJCkW9n7twCffG5f5wX2sSkoDXGiZB1HPa7K7f865Kk4LqnrME",
        "followers": 291,
        "bid": 2,
        "author_sale": 3,
        "about": "Sed ut perspiciatis unde omnis iste natus error sit voluptatem accusantium doloremque laudantium, totam rem aperiam, eaque ipsa quae ab illo inventore veritatis et quasi architecto beatae vitae dicta sunt explicabo. Nemo enim ipsam voluptatem quia voluptas sit aspernatur aut odit aut fugit, sed quia consequuntur magni",
        "published_at": "2021-11-04T13:50:28.703Z",
        "created_at": "2021-11-04T13:50:26.184Z",
        "updated_at": "2021-11-30T15:42:16.497Z",
        "avatar": {
          "id": 21,
          "name": "author-3.jpg",
          "alternativeText": "",
          "caption": "",
          "width": 200,
          "height": 200,
          "formats": {
            "thumbnail": {
              "name": "thumbnail_author-3.jpg",
              "hash": "thumbnail_author_3_1769046ae5",
              "ext": ".jpg",
              "mime": "image/jpeg",
              "width": 156,
              "height": 156,
              "size": 2.72,
              "path": null,
              "url": "/uploads/thumbnail_author_3_1769046ae5.jpg"
            }
          },
          "hash": "author_3_1769046ae5",
          "ext": ".jpg",
          "mime": "image/jpeg",
          "size": 3.42,
          "url": "/uploads/author_3_1769046ae5.jpg",
          "previewUrl": null,
          "provider": "local",
          "provider_metadata": null,
          "created_at": "2021-11-02T15:12:45.680Z",
          "updated_at": "2021-11-02T15:12:45.700Z"
        },
        "banner": {
          "id": 80,
          "name": "static-3.jpg",
          "alternativeText": "",
          "caption": "",
          "width": 390,
          "height": 450,
          "formats": {
            "thumbnail": {
              "name": "thumbnail_static-3.jpg",
              "hash": "thumbnail_static_3_fffde34782",
              "ext": ".jpg",
              "mime": "image/jpeg",
              "width": 135,
              "height": 156,
              "size": 6.71,
              "path": null,
              "url": "/uploads/thumbnail_static_3_fffde34782.jpg"
            }
          },
          "hash": "static_3_fffde34782",
          "ext": ".jpg",
          "mime": "image/jpeg",
          "size": 31.88,
          "url": "/uploads/static_3_fffde34782.jpg",
          "previewUrl": null,
          "provider": "local",
          "provider_metadata": null,
          "created_at": "2021-11-02T15:13:02.113Z",
          "updated_at": "2021-11-02T15:13:02.194Z"
        }
      },
      "name": "Skecthify",
      "published_at": "2021-11-06T20:46:47.454Z",
      "created_at": "2021-11-06T20:43:12.757Z",
      "updated_at": "2021-11-30T15:42:16.396Z",
      "banner": {
        "id": 105,
        "name": "coll-3.jpg",
        "alternativeText": "",
        "caption": "",
        "width": 600,
        "height": 338,
        "formats": {
          "thumbnail": {
            "name": "thumbnail_coll-3.jpg",
            "hash": "thumbnail_coll_3_e286085ffd",
            "ext": ".jpg",
            "mime": "image/jpeg",
            "width": 245,
            "height": 138,
            "size": 11.52,
            "path": null,
            "url": "/uploads/thumbnail_coll_3_e286085ffd.jpg"
          }
        },
        "hash": "coll_3_e286085ffd",
        "ext": ".jpg",
        "mime": "image/jpeg",
        "size": 77.26,
        "url": "/uploads/coll_3_e286085ffd.jpg",
        "previewUrl": null,
        "provider": "local",
        "provider_metadata": null,
        "created_at": "2021-11-06T20:43:09.793Z",
        "updated_at": "2021-11-06T20:43:09.817Z"
      }
    },
    {
      "id": 4,
      "unique_id": "ERC-73",
      "author": {
        "id": 4,
        "username": "Lori Hart",
        "social": "@lori_hart",
        "wallet": "DdzFFzCqrhshMSxb9oW3mRo4MJrQkusV3fGFSTwaiu4wPBqMryA9DYVJCkW9n7twCffG5f5wX2sSkoDXGiZB1HPa7K7f865Kk4LqnrME",
        "followers": 322,
        "bid": 1,
        "author_sale": 4,
        "about": "Sed ut perspiciatis unde omnis iste natus error sit voluptatem accusantium doloremque laudantium, totam rem aperiam, eaque ipsa quae ab illo inventore veritatis et quasi architecto beatae vitae dicta sunt explicabo. Nemo enim ipsam voluptatem quia voluptas sit aspernatur aut odit aut fugit, sed quia consequuntur magni",
        "published_at": "2021-11-04T13:51:31.671Z",
        "created_at": "2021-11-04T13:51:29.459Z",
        "updated_at": "2021-11-30T15:41:59.490Z",
        "avatar": {
          "id": 22,
          "name": "author-4.jpg",
          "alternativeText": "",
          "caption": "",
          "width": 200,
          "height": 200,
          "formats": {
            "thumbnail": {
              "name": "thumbnail_author-4.jpg",
              "hash": "thumbnail_author_4_623046d09c",
              "ext": ".jpg",
              "mime": "image/jpeg",
              "width": 156,
              "height": 156,
              "size": 3.92,
              "path": null,
              "url": "/uploads/thumbnail_author_4_623046d09c.jpg"
            }
          },
          "hash": "author_4_623046d09c",
          "ext": ".jpg",
          "mime": "image/jpeg",
          "size": 5.12,
          "url": "/uploads/author_4_623046d09c.jpg",
          "previewUrl": null,
          "provider": "local",
          "provider_metadata": null,
          "created_at": "2021-11-02T15:12:45.797Z",
          "updated_at": "2021-11-02T15:12:45.825Z"
        },
        "banner": {
          "id": 81,
          "name": "static-4.jpg",
          "alternativeText": "",
          "caption": "",
          "width": 500,
          "height": 500,
          "formats": {
            "thumbnail": {
              "name": "thumbnail_static-4.jpg",
              "hash": "thumbnail_static_4_ccd42beea6",
              "ext": ".jpg",
              "mime": "image/jpeg",
              "width": 156,
              "height": 156,
              "size": 6.77,
              "path": null,
              "url": "/uploads/thumbnail_static_4_ccd42beea6.jpg"
            }
          },
          "hash": "static_4_ccd42beea6",
          "ext": ".jpg",
          "mime": "image/jpeg",
          "size": 57.88,
          "url": "/uploads/static_4_ccd42beea6.jpg",
          "previewUrl": null,
          "provider": "local",
          "provider_metadata": null,
          "created_at": "2021-11-02T15:13:02.313Z",
          "updated_at": "2021-11-02T15:13:02.335Z"
        }
      },
      "name": "Cartoonism",
      "published_at": "2021-11-06T20:46:59.797Z",
      "created_at": "2021-11-06T20:43:50.379Z",
      "updated_at": "2021-11-30T15:41:59.445Z",
      "banner": {
        "id": 43,
        "name": "coll-4.jpg",
        "alternativeText": "",
        "caption": "",
        "width": 600,
        "height": 338,
        "formats": {
          "thumbnail": {
            "name": "thumbnail_coll-4.jpg",
            "hash": "thumbnail_coll_4_69f3883518",
            "ext": ".jpg",
            "mime": "image/jpeg",
            "width": 245,
            "height": 138,
            "size": 8.87,
            "path": null,
            "url": "/uploads/thumbnail_coll_4_69f3883518.jpg"
          },
          "small": {
            "name": "small_coll-4.jpg",
            "hash": "small_coll_4_69f3883518",
            "ext": ".jpg",
            "mime": "image/jpeg",
            "width": 500,
            "height": 282,
            "size": 24.51,
            "path": null,
            "url": "/uploads/small_coll_4_69f3883518.jpg"
          }
        },
        "hash": "coll_4_69f3883518",
        "ext": ".jpg",
        "mime": "image/jpeg",
        "size": 30.92,
        "url": "/uploads/coll_4_69f3883518.jpg",
        "previewUrl": null,
        "provider": "local",
        "provider_metadata": null,
        "created_at": "2021-11-02T15:12:50.996Z",
        "updated_at": "2021-11-02T15:12:51.059Z"
      }
    },
    {
      "id": 5,
      "unique_id": "ERC-85",
      "author": {
        "id": 5,
        "username": "Jimmy Wright",
        "social": "@jimmy_wright",
        "wallet": "DdzFFzCqrhshMSxb9oW3mRo4MJrQkusV3fGFSTwaiu4wPBqMryA9DYVJCkW9n7twCffG5f5wX2sSkoDXGiZB1HPa7K7f865Kk4LqnrME",
        "followers": 402,
        "bid": 5,
        "author_sale": 5,
        "about": "Sed ut perspiciatis unde omnis iste natus error sit voluptatem accusantium doloremque laudantium, totam rem aperiam, eaque ipsa quae ab illo inventore veritatis et quasi architecto beatae vitae dicta sunt explicabo. Nemo enim ipsam voluptatem quia voluptas sit aspernatur aut odit aut fugit, sed quia consequuntur magni",
        "published_at": "2021-11-04T13:53:12.990Z",
        "created_at": "2021-11-04T13:53:10.647Z",
        "updated_at": "2021-11-30T15:41:50.391Z",
        "avatar": {
          "id": 23,
          "name": "author-5.jpg",
          "alternativeText": "",
          "caption": "",
          "width": 200,
          "height": 200,
          "formats": {
            "thumbnail": {
              "name": "thumbnail_author-5.jpg",
              "hash": "thumbnail_author_5_a558aecf04",
              "ext": ".jpg",
              "mime": "image/jpeg",
              "width": 156,
              "height": 156,
              "size": 4.73,
              "path": null,
              "url": "/uploads/thumbnail_author_5_a558aecf04.jpg"
            }
          },
          "hash": "author_5_a558aecf04",
          "ext": ".jpg",
          "mime": "image/jpeg",
          "size": 6.32,
          "url": "/uploads/author_5_a558aecf04.jpg",
          "previewUrl": null,
          "provider": "local",
          "provider_metadata": null,
          "created_at": "2021-11-02T15:12:45.936Z",
          "updated_at": "2021-11-02T15:12:45.962Z"
        },
        "banner": {
          "id": 83,
          "name": "static-5.jpg",
          "alternativeText": "",
          "caption": "",
          "width": 600,
          "height": 279,
          "formats": {
            "thumbnail": {
              "name": "thumbnail_static-5.jpg",
              "hash": "thumbnail_static_5_82c702df64",
              "ext": ".jpg",
              "mime": "image/jpeg",
              "width": 245,
              "height": 114,
              "size": 6.36,
              "path": null,
              "url": "/uploads/thumbnail_static_5_82c702df64.jpg"
            },
            "small": {
              "name": "small_static-5.jpg",
              "hash": "small_static_5_82c702df64",
              "ext": ".jpg",
              "mime": "image/jpeg",
              "width": 500,
              "height": 233,
              "size": 18.3,
              "path": null,
              "url": "/uploads/small_static_5_82c702df64.jpg"
            }
          },
          "hash": "static_5_82c702df64",
          "ext": ".jpg",
          "mime": "image/jpeg",
          "size": 22.84,
          "url": "/uploads/static_5_82c702df64.jpg",
          "previewUrl": null,
          "provider": "local",
          "provider_metadata": null,
          "created_at": "2021-11-02T15:13:02.613Z",
          "updated_at": "2021-11-02T15:13:02.634Z"
        }
      },
      "name": "Virtuland",
      "published_at": "2021-11-06T20:47:03.070Z",
      "created_at": "2021-11-06T20:44:32.728Z",
      "updated_at": "2021-11-30T15:41:50.332Z",
      "banner": {
        "id": 46,
        "name": "coll-5.jpg",
        "alternativeText": "",
        "caption": "",
        "width": 600,
        "height": 338,
        "formats": {
          "thumbnail": {
            "name": "thumbnail_coll-5.jpg",
            "hash": "thumbnail_coll_5_61977a4c99",
            "ext": ".jpg",
            "mime": "image/jpeg",
            "width": 245,
            "height": 138,
            "size": 5.64,
            "path": null,
            "url": "/uploads/thumbnail_coll_5_61977a4c99.jpg"
          },
          "small": {
            "name": "small_coll-5.jpg",
            "hash": "small_coll_5_61977a4c99",
            "ext": ".jpg",
            "mime": "image/jpeg",
            "width": 500,
            "height": 282,
            "size": 13.05,
            "path": null,
            "url": "/uploads/small_coll_5_61977a4c99.jpg"
          }
        },
        "hash": "coll_5_61977a4c99",
        "ext": ".jpg",
        "mime": "image/jpeg",
        "size": 15.42,
        "url": "/uploads/coll_5_61977a4c99.jpg",
        "previewUrl": null,
        "provider": "local",
        "provider_metadata": null,
        "created_at": "2021-11-02T15:12:51.517Z",
        "updated_at": "2021-11-02T15:12:51.536Z"
      }
    },
    {
      "id": 6,
      "unique_id": "ERC-42",
      "author": {
        "id": 6,
        "username": "Karla Sharp",
        "social": "@karla_sharp",
        "wallet": "DdzFFzCqrhshMSxb9oW3mRo4MJrQkusV3fGFSTwaiu4wPBqMryA9DYVJCkW9n7twCffG5f5wX2sSkoDXGiZB1HPa7K7f865Kk4LqnrME",
        "followers": 444,
        "bid": null,
        "author_sale": 6,
        "about": "Sed ut perspiciatis unde omnis iste natus error sit voluptatem accusantium doloremque laudantium, totam rem aperiam, eaque ipsa quae ab illo inventore veritatis et quasi architecto beatae vitae dicta sunt explicabo. Nemo enim ipsam voluptatem quia voluptas sit aspernatur aut odit aut fugit, sed quia consequuntur magni",
        "published_at": "2021-11-04T13:54:06.553Z",
        "created_at": "2021-11-04T13:54:03.485Z",
        "updated_at": "2021-11-30T15:41:54.355Z",
        "avatar": {
          "id": 24,
          "name": "author-6.jpg",
          "alternativeText": "",
          "caption": "",
          "width": 200,
          "height": 200,
          "formats": {
            "thumbnail": {
              "name": "thumbnail_author-6.jpg",
              "hash": "thumbnail_author_6_f8c8033ffc",
              "ext": ".jpg",
              "mime": "image/jpeg",
              "width": 156,
              "height": 156,
              "size": 2.98,
              "path": null,
              "url": "/uploads/thumbnail_author_6_f8c8033ffc.jpg"
            }
          },
          "hash": "author_6_f8c8033ffc",
          "ext": ".jpg",
          "mime": "image/jpeg",
          "size": 3.67,
          "url": "/uploads/author_6_f8c8033ffc.jpg",
          "previewUrl": null,
          "provider": "local",
          "provider_metadata": null,
          "created_at": "2021-11-02T15:12:46.121Z",
          "updated_at": "2021-11-02T15:12:46.151Z"
        },
        "banner": {
          "id": 84,
          "name": "static-6.jpg",
          "alternativeText": "",
          "caption": "",
          "width": 600,
          "height": 472,
          "formats": {
            "thumbnail": {
              "name": "thumbnail_static-6.jpg",
              "hash": "thumbnail_static_6_3b7902d4b7",
              "ext": ".jpg",
              "mime": "image/jpeg",
              "width": 198,
              "height": 156,
              "size": 5.68,
              "path": null,
              "url": "/uploads/thumbnail_static_6_3b7902d4b7.jpg"
            },
            "small": {
              "name": "small_static-6.jpg",
              "hash": "small_static_6_3b7902d4b7",
              "ext": ".jpg",
              "mime": "image/jpeg",
              "width": 500,
              "height": 393,
              "size": 19.22,
              "path": null,
              "url": "/uploads/small_static_6_3b7902d4b7.jpg"
            }
          },
          "hash": "static_6_3b7902d4b7",
          "ext": ".jpg",
          "mime": "image/jpeg",
          "size": 20.26,
          "url": "/uploads/static_6_3b7902d4b7.jpg",
          "previewUrl": null,
          "provider": "local",
          "provider_metadata": null,
          "created_at": "2021-11-02T15:13:02.728Z",
          "updated_at": "2021-11-02T15:13:02.749Z"
        }
      },
      "name": "Papercut",
      "published_at": "2021-11-06T20:46:53.318Z",
      "created_at": "2021-11-06T20:44:56.183Z",
      "updated_at": "2021-11-30T15:41:54.322Z",
      "banner": {
        "id": 48,
        "name": "coll-6.jpg",
        "alternativeText": "",
        "caption": "",
        "width": 600,
        "height": 338,
        "formats": {
          "thumbnail": {
            "name": "thumbnail_coll-6.jpg",
            "hash": "thumbnail_coll_6_62bc79d217",
            "ext": ".jpg",
            "mime": "image/jpeg",
            "width": 245,
            "height": 138,
            "size": 10.04,
            "path": null,
            "url": "/uploads/thumbnail_coll_6_62bc79d217.jpg"
          },
          "small": {
            "name": "small_coll-6.jpg",
            "hash": "small_coll_6_62bc79d217",
            "ext": ".jpg",
            "mime": "image/jpeg",
            "width": 500,
            "height": 282,
            "size": 24.83,
            "path": null,
            "url": "/uploads/small_coll_6_62bc79d217.jpg"
          }
        },
        "hash": "coll_6_62bc79d217",
        "ext": ".jpg",
        "mime": "image/jpeg",
        "size": 31.7,
        "url": "/uploads/coll_6_62bc79d217.jpg",
        "previewUrl": null,
        "provider": "local",
        "provider_metadata": null,
        "created_at": "2021-11-02T15:12:51.800Z",
        "updated_at": "2021-11-02T15:12:51.820Z"
      }
    }
  ]