{
    "id": 1,
    "unique_id": null,
    "category": "art",
    "status": "on_auction",
    "item_type": "single_items",
    "collections": "abstraction",
    "deadline": "2021-12-31",
    "author_link": "/Author",
    "nft_link": "/ItemDetail",
    "bid_link": "/ItemDetail",
    "title": "Pinky Ocean",
    "price": 0.08,
    "bid": 1,
    "max_bid": 20,
    "likes": 50,
    "description": "Sed ut perspiciatis unde omnis iste natus error sit voluptatem accusantium doloremque laudantium, totam rem aperiam, eaque ipsa quae ab illo inventore veritatis et quasi architecto beatae vitae dicta sunt explicabo.",
    "views": 250,
    "priceover": null,
    "author": {
      "id": 1,
      "username": "Monica Lucas",
      "social": "@monicaaa",
      "wallet": "DdzFFzCqrhshMSxb9oW3mRo4MJrQkusV3fGFSTwaiu4wPBqMryA9DYVJCkW9n7twCffG5f5wX2sSkoDXGiZB1HPa7K7f865Kk4LqnrME",
      "followers": 500,
      "bid": 4,
      "author_sale": 1,
      "about": "Sed ut perspiciatis unde omnis iste natus error sit voluptatem accusantium doloremque laudantium, totam rem aperiam, eaque ipsa quae ab illo inventore veritatis et quasi architecto beatae vitae dicta sunt explicabo. Nemo enim ipsam voluptatem quia voluptas sit aspernatur aut odit aut fugit, sed quia consequuntur magni",
      "published_at": "2021-11-02T15:20:32.637Z",
      "created_at": "2021-11-02T15:20:24.426Z",
      "updated_at": "2021-11-30T15:42:09.638Z",
      "avatar": {
        "id": 19,
        "name": "author-1.jpg",
        "alternativeText": "",
        "caption": "",
        "width": 200,
        "height": 200,
        "formats": {
          "thumbnail": {
            "name": "thumbnail_author-1.jpg",
            "hash": "thumbnail_author_1_6f9ad9e11a",
            "ext": ".jpg",
            "mime": "image/jpeg",
            "width": 156,
            "height": 156,
            "size": 7.45,
            "path": null,
            "url": "/uploads/thumbnail_author_1_6f9ad9e11a.jpg"
          }
        },
        "hash": "author_1_6f9ad9e11a",
        "ext": ".jpg",
        "mime": "image/jpeg",
        "size": 9.93,
        "url": "/uploads/author_1_6f9ad9e11a.jpg",
        "previewUrl": null,
        "provider": "local",
        "provider_metadata": null,
        "created_at": "2021-11-02T15:12:44.838Z",
        "updated_at": "2021-11-02T15:12:44.890Z"
      }
    },
    "showcase": null,
    "published_at": "2021-11-04T13:34:54.734Z",
    "created_at": "2021-11-04T13:34:10.002Z",
    "updated_at": "2021-11-30T15:42:09.579Z",
    "preview_image": {
      "id": 41,
      "name": "big-1.jpg",
      "alternativeText": "",
      "caption": "",
      "width": 1920,
      "height": 1920,
      "formats": {
        "thumbnail": {
          "name": "thumbnail_big-1.jpg",
          "hash": "thumbnail_big_1_5e0d3a105a",
          "ext": ".jpg",
          "mime": "image/jpeg",
          "width": 156,
          "height": 156,
          "size": 10.23,
          "path": null,
          "url": "/uploads/thumbnail_big_1_5e0d3a105a.jpg"
        },
        "large": {
          "name": "large_big-1.jpg",
          "hash": "large_big_1_5e0d3a105a",
          "ext": ".jpg",
          "mime": "image/jpeg",
          "width": 1000,
          "height": 1000,
          "size": 235.77,
          "path": null,
          "url": "/uploads/large_big_1_5e0d3a105a.jpg"
        },
        "medium": {
          "name": "medium_big-1.jpg",
          "hash": "medium_big_1_5e0d3a105a",
          "ext": ".jpg",
          "mime": "image/jpeg",
          "width": 750,
          "height": 750,
          "size": 143.9,
          "path": null,
          "url": "/uploads/medium_big_1_5e0d3a105a.jpg"
        },
        "small": {
          "name": "small_big-1.jpg",
          "hash": "small_big_1_5e0d3a105a",
          "ext": ".jpg",
          "mime": "image/jpeg",
          "width": 500,
          "height": 500,
          "size": 75.02,
          "path": null,
          "url": "/uploads/small_big_1_5e0d3a105a.jpg"
        }
      },
      "hash": "big_1_5e0d3a105a",
      "ext": ".jpg",
      "mime": "image/jpeg",
      "size": 511.06,
      "url": "/uploads/big_1_5e0d3a105a.jpg",
      "previewUrl": null,
      "provider": "local",
      "provider_metadata": null,
      "created_at": "2021-11-02T15:12:50.521Z",
      "updated_at": "2021-11-02T15:12:50.539Z"
    },
    "bids": [
      {
        "id": 5,
        "value": 0.006,
        "nft": 1,
        "author": {
          "id": 5,
          "username": "Jimmy Wright",
          "social": "@jimmy_wright",
          "wallet": "DdzFFzCqrhshMSxb9oW3mRo4MJrQkusV3fGFSTwaiu4wPBqMryA9DYVJCkW9n7twCffG5f5wX2sSkoDXGiZB1HPa7K7f865Kk4LqnrME",
          "followers": 402,
          "bid": 5,
          "author_sale": 5,
          "about": "Sed ut perspiciatis unde omnis iste natus error sit voluptatem accusantium doloremque laudantium, totam rem aperiam, eaque ipsa quae ab illo inventore veritatis et quasi architecto beatae vitae dicta sunt explicabo. Nemo enim ipsam voluptatem quia voluptas sit aspernatur aut odit aut fugit, sed quia consequuntur magni",
          "published_at": "2021-11-04T13:53:12.990Z",
          "created_at": "2021-11-04T13:53:10.647Z",
          "updated_at": "2021-11-30T15:41:50.391Z",
          "avatar": {
            "id": 23,
            "name": "author-5.jpg",
            "alternativeText": "",
            "caption": "",
            "width": 200,
            "height": 200,
            "formats": {
              "thumbnail": {
                "name": "thumbnail_author-5.jpg",
                "hash": "thumbnail_author_5_a558aecf04",
                "ext": ".jpg",
                "mime": "image/jpeg",
                "width": 156,
                "height": 156,
                "size": 4.73,
                "path": null,
                "url": "/uploads/thumbnail_author_5_a558aecf04.jpg"
              }
            },
            "hash": "author_5_a558aecf04",
            "ext": ".jpg",
            "mime": "image/jpeg",
            "size": 6.32,
            "url": "/uploads/author_5_a558aecf04.jpg",
            "previewUrl": null,
            "provider": "local",
            "provider_metadata": null,
            "created_at": "2021-11-02T15:12:45.936Z",
            "updated_at": "2021-11-02T15:12:45.962Z"
          }
        },
        "published_at": "2021-11-04T14:33:48.844Z",
        "created_at": "2021-11-04T14:33:44.314Z",
        "updated_at": "2021-11-30T15:41:50.373Z"
      },
      {
        "id": 4,
        "value": 0.005,
        "nft": 1,
        "author": {
          "id": 1,
          "username": "Monica Lucas",
          "social": "@monicaaa",
          "wallet": "DdzFFzCqrhshMSxb9oW3mRo4MJrQkusV3fGFSTwaiu4wPBqMryA9DYVJCkW9n7twCffG5f5wX2sSkoDXGiZB1HPa7K7f865Kk4LqnrME",
          "followers": 500,
          "bid": 4,
          "author_sale": 1,
          "about": "Sed ut perspiciatis unde omnis iste natus error sit voluptatem accusantium doloremque laudantium, totam rem aperiam, eaque ipsa quae ab illo inventore veritatis et quasi architecto beatae vitae dicta sunt explicabo. Nemo enim ipsam voluptatem quia voluptas sit aspernatur aut odit aut fugit, sed quia consequuntur magni",
          "published_at": "2021-11-02T15:20:32.637Z",
          "created_at": "2021-11-02T15:20:24.426Z",
          "updated_at": "2021-11-30T15:42:09.638Z",
          "avatar": {
            "id": 19,
            "name": "author-1.jpg",
            "alternativeText": "",
            "caption": "",
            "width": 200,
            "height": 200,
            "formats": {
              "thumbnail": {
                "name": "thumbnail_author-1.jpg",
                "hash": "thumbnail_author_1_6f9ad9e11a",
                "ext": ".jpg",
                "mime": "image/jpeg",
                "width": 156,
                "height": 156,
                "size": 7.45,
                "path": null,
                "url": "/uploads/thumbnail_author_1_6f9ad9e11a.jpg"
              }
            },
            "hash": "author_1_6f9ad9e11a",
            "ext": ".jpg",
            "mime": "image/jpeg",
            "size": 9.93,
            "url": "/uploads/author_1_6f9ad9e11a.jpg",
            "previewUrl": null,
            "provider": "local",
            "provider_metadata": null,
            "created_at": "2021-11-02T15:12:44.838Z",
            "updated_at": "2021-11-02T15:12:44.890Z"
          }
        },
        "published_at": "2021-11-04T14:33:13.291Z",
        "created_at": "2021-11-04T14:33:08.498Z",
        "updated_at": "2021-11-30T15:42:09.617Z"
      },
      {
        "id": 3,
        "value": 0.005,
        "nft": 1,
        "author": {
          "id": 2,
          "username": "Mamie Barnett",
          "social": "@mamie_barnett",
          "wallet": "DdzFFzCqrhshMSxb9oW3mRo4MJrQkusV3fGFSTwaiu4wPBqMryA9DYVJCkW9n7twCffG5f5wX2sSkoDXGiZB1HPa7K7f865Kk4LqnrME",
          "followers": 157,
          "bid": 3,
          "author_sale": 2,
          "about": "Sed ut perspiciatis unde omnis iste natus error sit voluptatem accusantium doloremque laudantium, totam rem aperiam, eaque ipsa quae ab illo inventore veritatis et quasi architecto beatae vitae dicta sunt explicabo. Nemo enim ipsam voluptatem quia voluptas sit aspernatur aut odit aut fugit, sed quia consequuntur magni",
          "published_at": "2021-11-04T13:41:34.589Z",
          "created_at": "2021-11-04T13:41:22.945Z",
          "updated_at": "2021-11-30T15:42:05.058Z",
          "avatar": {
            "id": 20,
            "name": "author-2.jpg",
            "alternativeText": "",
            "caption": "",
            "width": 200,
            "height": 200,
            "formats": {
              "thumbnail": {
                "name": "thumbnail_author-2.jpg",
                "hash": "thumbnail_author_2_c6ff6b745e",
                "ext": ".jpg",
                "mime": "image/jpeg",
                "width": 156,
                "height": 156,
                "size": 3.92,
                "path": null,
                "url": "/uploads/thumbnail_author_2_c6ff6b745e.jpg"
              }
            },
            "hash": "author_2_c6ff6b745e",
            "ext": ".jpg",
            "mime": "image/jpeg",
            "size": 5.1,
            "url": "/uploads/author_2_c6ff6b745e.jpg",
            "previewUrl": null,
            "provider": "local",
            "provider_metadata": null,
            "created_at": "2021-11-02T15:12:45.387Z",
            "updated_at": "2021-11-02T15:12:45.407Z"
          }
        },
        "published_at": "2021-11-04T14:32:39.420Z",
        "created_at": "2021-11-04T14:32:35.573Z",
        "updated_at": "2021-11-30T15:42:05.039Z"
      },
      {
        "id": 2,
        "value": 0.004,
        "nft": 1,
        "author": {
          "id": 3,
          "username": "Nicholas Daniels",
          "social": "@nicholas_daniels",
          "wallet": "DdzFFzCqrhshMSxb9oW3mRo4MJrQkusV3fGFSTwaiu4wPBqMryA9DYVJCkW9n7twCffG5f5wX2sSkoDXGiZB1HPa7K7f865Kk4LqnrME",
          "followers": 291,
          "bid": 2,
          "author_sale": 3,
          "about": "Sed ut perspiciatis unde omnis iste natus error sit voluptatem accusantium doloremque laudantium, totam rem aperiam, eaque ipsa quae ab illo inventore veritatis et quasi architecto beatae vitae dicta sunt explicabo. Nemo enim ipsam voluptatem quia voluptas sit aspernatur aut odit aut fugit, sed quia consequuntur magni",
          "published_at": "2021-11-04T13:50:28.703Z",
          "created_at": "2021-11-04T13:50:26.184Z",
          "updated_at": "2021-11-30T15:42:16.497Z",
          "avatar": {
            "id": 21,
            "name": "author-3.jpg",
            "alternativeText": "",
            "caption": "",
            "width": 200,
            "height": 200,
            "formats": {
              "thumbnail": {
                "name": "thumbnail_author-3.jpg",
                "hash": "thumbnail_author_3_1769046ae5",
                "ext": ".jpg",
                "mime": "image/jpeg",
                "width": 156,
                "height": 156,
                "size": 2.72,
                "path": null,
                "url": "/uploads/thumbnail_author_3_1769046ae5.jpg"
              }
            },
            "hash": "author_3_1769046ae5",
            "ext": ".jpg",
            "mime": "image/jpeg",
            "size": 3.42,
            "url": "/uploads/author_3_1769046ae5.jpg",
            "previewUrl": null,
            "provider": "local",
            "provider_metadata": null,
            "created_at": "2021-11-02T15:12:45.680Z",
            "updated_at": "2021-11-02T15:12:45.700Z"
          }
        },
        "published_at": "2021-11-04T14:32:12.128Z",
        "created_at": "2021-11-04T14:29:58.125Z",
        "updated_at": "2021-11-30T15:42:16.463Z"
      },
      {
        "id": 1,
        "value": 0.003,
        "nft": 1,
        "author": {
          "id": 4,
          "username": "Lori Hart",
          "social": "@lori_hart",
          "wallet": "DdzFFzCqrhshMSxb9oW3mRo4MJrQkusV3fGFSTwaiu4wPBqMryA9DYVJCkW9n7twCffG5f5wX2sSkoDXGiZB1HPa7K7f865Kk4LqnrME",
          "followers": 322,
          "bid": 1,
          "author_sale": 4,
          "about": "Sed ut perspiciatis unde omnis iste natus error sit voluptatem accusantium doloremque laudantium, totam rem aperiam, eaque ipsa quae ab illo inventore veritatis et quasi architecto beatae vitae dicta sunt explicabo. Nemo enim ipsam voluptatem quia voluptas sit aspernatur aut odit aut fugit, sed quia consequuntur magni",
          "published_at": "2021-11-04T13:51:31.671Z",
          "created_at": "2021-11-04T13:51:29.459Z",
          "updated_at": "2021-11-30T15:41:59.490Z",
          "avatar": {
            "id": 22,
            "name": "author-4.jpg",
            "alternativeText": "",
            "caption": "",
            "width": 200,
            "height": 200,
            "formats": {
              "thumbnail": {
                "name": "thumbnail_author-4.jpg",
                "hash": "thumbnail_author_4_623046d09c",
                "ext": ".jpg",
                "mime": "image/jpeg",
                "width": 156,
                "height": 156,
                "size": 3.92,
                "path": null,
                "url": "/uploads/thumbnail_author_4_623046d09c.jpg"
              }
            },
            "hash": "author_4_623046d09c",
            "ext": ".jpg",
            "mime": "image/jpeg",
            "size": 5.12,
            "url": "/uploads/author_4_623046d09c.jpg",
            "previewUrl": null,
            "provider": "local",
            "provider_metadata": null,
            "created_at": "2021-11-02T15:12:45.797Z",
            "updated_at": "2021-11-02T15:12:45.825Z"
          }
        },
        "published_at": "2021-11-04T13:41:39.517Z",
        "created_at": "2021-11-04T13:37:07.867Z",
        "updated_at": "2021-11-30T15:41:59.471Z"
      }
    ],
    "history": [
      {
        "id": 5,
        "value": 0.006,
        "nft": 1,
        "author": {
          "id": 5,
          "username": "Jimmy Wright",
          "social": "@jimmy_wright",
          "wallet": "DdzFFzCqrhshMSxb9oW3mRo4MJrQkusV3fGFSTwaiu4wPBqMryA9DYVJCkW9n7twCffG5f5wX2sSkoDXGiZB1HPa7K7f865Kk4LqnrME",
          "followers": 402,
          "bid": 5,
          "author_sale": 5,
          "about": "Sed ut perspiciatis unde omnis iste natus error sit voluptatem accusantium doloremque laudantium, totam rem aperiam, eaque ipsa quae ab illo inventore veritatis et quasi architecto beatae vitae dicta sunt explicabo. Nemo enim ipsam voluptatem quia voluptas sit aspernatur aut odit aut fugit, sed quia consequuntur magni",
          "published_at": "2021-11-04T13:53:12.990Z",
          "created_at": "2021-11-04T13:53:10.647Z",
          "updated_at": "2021-11-30T15:41:50.391Z",
          "avatar": {
            "id": 23,
            "name": "author-5.jpg",
            "alternativeText": "",
            "caption": "",
            "width": 200,
            "height": 200,
            "formats": {
              "thumbnail": {
                "name": "thumbnail_author-5.jpg",
                "hash": "thumbnail_author_5_a558aecf04",
                "ext": ".jpg",
                "mime": "image/jpeg",
                "width": 156,
                "height": 156,
                "size": 4.73,
                "path": null,
                "url": "/uploads/thumbnail_author_5_a558aecf04.jpg"
              }
            },
            "hash": "author_5_a558aecf04",
            "ext": ".jpg",
            "mime": "image/jpeg",
            "size": 6.32,
            "url": "/uploads/author_5_a558aecf04.jpg",
            "previewUrl": null,
            "provider": "local",
            "provider_metadata": null,
            "created_at": "2021-11-02T15:12:45.936Z",
            "updated_at": "2021-11-02T15:12:45.962Z"
          }
        },
        "published_at": "2021-11-04T14:33:48.844Z",
        "created_at": "2021-11-04T14:33:44.314Z",
        "updated_at": "2021-11-30T15:41:50.373Z"
      },
      {
        "id": 4,
        "value": 0.005,
        "nft": 1,
        "author": {
          "id": 1,
          "username": "Monica Lucas",
          "social": "@monicaaa",
          "wallet": "DdzFFzCqrhshMSxb9oW3mRo4MJrQkusV3fGFSTwaiu4wPBqMryA9DYVJCkW9n7twCffG5f5wX2sSkoDXGiZB1HPa7K7f865Kk4LqnrME",
          "followers": 500,
          "bid": 4,
          "author_sale": 1,
          "about": "Sed ut perspiciatis unde omnis iste natus error sit voluptatem accusantium doloremque laudantium, totam rem aperiam, eaque ipsa quae ab illo inventore veritatis et quasi architecto beatae vitae dicta sunt explicabo. Nemo enim ipsam voluptatem quia voluptas sit aspernatur aut odit aut fugit, sed quia consequuntur magni",
          "published_at": "2021-11-02T15:20:32.637Z",
          "created_at": "2021-11-02T15:20:24.426Z",
          "updated_at": "2021-11-30T15:42:09.638Z",
          "avatar": {
            "id": 19,
            "name": "author-1.jpg",
            "alternativeText": "",
            "caption": "",
            "width": 200,
            "height": 200,
            "formats": {
              "thumbnail": {
                "name": "thumbnail_author-1.jpg",
                "hash": "thumbnail_author_1_6f9ad9e11a",
                "ext": ".jpg",
                "mime": "image/jpeg",
                "width": 156,
                "height": 156,
                "size": 7.45,
                "path": null,
                "url": "/uploads/thumbnail_author_1_6f9ad9e11a.jpg"
              }
            },
            "hash": "author_1_6f9ad9e11a",
            "ext": ".jpg",
            "mime": "image/jpeg",
            "size": 9.93,
            "url": "/uploads/author_1_6f9ad9e11a.jpg",
            "previewUrl": null,
            "provider": "local",
            "provider_metadata": null,
            "created_at": "2021-11-02T15:12:44.838Z",
            "updated_at": "2021-11-02T15:12:44.890Z"
          }
        },
        "published_at": "2021-11-04T14:33:13.291Z",
        "created_at": "2021-11-04T14:33:08.498Z",
        "updated_at": "2021-11-30T15:42:09.617Z"
      },
      {
        "id": 3,
        "value": 0.005,
        "nft": 1,
        "author": {
          "id": 2,
          "username": "Mamie Barnett",
          "social": "@mamie_barnett",
          "wallet": "DdzFFzCqrhshMSxb9oW3mRo4MJrQkusV3fGFSTwaiu4wPBqMryA9DYVJCkW9n7twCffG5f5wX2sSkoDXGiZB1HPa7K7f865Kk4LqnrME",
          "followers": 157,
          "bid": 3,
          "author_sale": 2,
          "about": "Sed ut perspiciatis unde omnis iste natus error sit voluptatem accusantium doloremque laudantium, totam rem aperiam, eaque ipsa quae ab illo inventore veritatis et quasi architecto beatae vitae dicta sunt explicabo. Nemo enim ipsam voluptatem quia voluptas sit aspernatur aut odit aut fugit, sed quia consequuntur magni",
          "published_at": "2021-11-04T13:41:34.589Z",
          "created_at": "2021-11-04T13:41:22.945Z",
          "updated_at": "2021-11-30T15:42:05.058Z",
          "avatar": {
            "id": 20,
            "name": "author-2.jpg",
            "alternativeText": "",
            "caption": "",
            "width": 200,
            "height": 200,
            "formats": {
              "thumbnail": {
                "name": "thumbnail_author-2.jpg",
                "hash": "thumbnail_author_2_c6ff6b745e",
                "ext": ".jpg",
                "mime": "image/jpeg",
                "width": 156,
                "height": 156,
                "size": 3.92,
                "path": null,
                "url": "/uploads/thumbnail_author_2_c6ff6b745e.jpg"
              }
            },
            "hash": "author_2_c6ff6b745e",
            "ext": ".jpg",
            "mime": "image/jpeg",
            "size": 5.1,
            "url": "/uploads/author_2_c6ff6b745e.jpg",
            "previewUrl": null,
            "provider": "local",
            "provider_metadata": null,
            "created_at": "2021-11-02T15:12:45.387Z",
            "updated_at": "2021-11-02T15:12:45.407Z"
          }
        },
        "published_at": "2021-11-04T14:32:39.420Z",
        "created_at": "2021-11-04T14:32:35.573Z",
        "updated_at": "2021-11-30T15:42:05.039Z"
      },
      {
        "id": 2,
        "value": 0.004,
        "nft": 1,
        "author": {
          "id": 3,
          "username": "Nicholas Daniels",
          "social": "@nicholas_daniels",
          "wallet": "DdzFFzCqrhshMSxb9oW3mRo4MJrQkusV3fGFSTwaiu4wPBqMryA9DYVJCkW9n7twCffG5f5wX2sSkoDXGiZB1HPa7K7f865Kk4LqnrME",
          "followers": 291,
          "bid": 2,
          "author_sale": 3,
          "about": "Sed ut perspiciatis unde omnis iste natus error sit voluptatem accusantium doloremque laudantium, totam rem aperiam, eaque ipsa quae ab illo inventore veritatis et quasi architecto beatae vitae dicta sunt explicabo. Nemo enim ipsam voluptatem quia voluptas sit aspernatur aut odit aut fugit, sed quia consequuntur magni",
          "published_at": "2021-11-04T13:50:28.703Z",
          "created_at": "2021-11-04T13:50:26.184Z",
          "updated_at": "2021-11-30T15:42:16.497Z",
          "avatar": {
            "id": 21,
            "name": "author-3.jpg",
            "alternativeText": "",
            "caption": "",
            "width": 200,
            "height": 200,
            "formats": {
              "thumbnail": {
                "name": "thumbnail_author-3.jpg",
                "hash": "thumbnail_author_3_1769046ae5",
                "ext": ".jpg",
                "mime": "image/jpeg",
                "width": 156,
                "height": 156,
                "size": 2.72,
                "path": null,
                "url": "/uploads/thumbnail_author_3_1769046ae5.jpg"
              }
            },
            "hash": "author_3_1769046ae5",
            "ext": ".jpg",
            "mime": "image/jpeg",
            "size": 3.42,
            "url": "/uploads/author_3_1769046ae5.jpg",
            "previewUrl": null,
            "provider": "local",
            "provider_metadata": null,
            "created_at": "2021-11-02T15:12:45.680Z",
            "updated_at": "2021-11-02T15:12:45.700Z"
          }
        },
        "published_at": "2021-11-04T14:32:12.128Z",
        "created_at": "2021-11-04T14:29:58.125Z",
        "updated_at": "2021-11-30T15:42:16.463Z"
      },
      {
        "id": 1,
        "value": 0.003,
        "nft": 1,
        "author": {
          "id": 4,
          "username": "Lori Hart",
          "social": "@lori_hart",
          "wallet": "DdzFFzCqrhshMSxb9oW3mRo4MJrQkusV3fGFSTwaiu4wPBqMryA9DYVJCkW9n7twCffG5f5wX2sSkoDXGiZB1HPa7K7f865Kk4LqnrME",
          "followers": 322,
          "bid": 1,
          "author_sale": 4,
          "about": "Sed ut perspiciatis unde omnis iste natus error sit voluptatem accusantium doloremque laudantium, totam rem aperiam, eaque ipsa quae ab illo inventore veritatis et quasi architecto beatae vitae dicta sunt explicabo. Nemo enim ipsam voluptatem quia voluptas sit aspernatur aut odit aut fugit, sed quia consequuntur magni",
          "published_at": "2021-11-04T13:51:31.671Z",
          "created_at": "2021-11-04T13:51:29.459Z",
          "updated_at": "2021-11-30T15:41:59.490Z",
          "avatar": {
            "id": 22,
            "name": "author-4.jpg",
            "alternativeText": "",
            "caption": "",
            "width": 200,
            "height": 200,
            "formats": {
              "thumbnail": {
                "name": "thumbnail_author-4.jpg",
                "hash": "thumbnail_author_4_623046d09c",
                "ext": ".jpg",
                "mime": "image/jpeg",
                "width": 156,
                "height": 156,
                "size": 3.92,
                "path": null,
                "url": "/uploads/thumbnail_author_4_623046d09c.jpg"
              }
            },
            "hash": "author_4_623046d09c",
            "ext": ".jpg",
            "mime": "image/jpeg",
            "size": 5.12,
            "url": "/uploads/author_4_623046d09c.jpg",
            "previewUrl": null,
            "provider": "local",
            "provider_metadata": null,
            "created_at": "2021-11-02T15:12:45.797Z",
            "updated_at": "2021-11-02T15:12:45.825Z"
          }
        },
        "published_at": "2021-11-04T13:41:39.517Z",
        "created_at": "2021-11-04T13:37:07.867Z",
        "updated_at": "2021-11-30T15:41:59.471Z"
      }
    ]
  }